-- phpMyAdmin SQL Dump
-- version 3.5.8.1
-- http://www.phpmyadmin.net
--
-- Host: localhost
-- Generation Time: May 28, 2015 at 09:25 PM
-- Server version: 5.5.40
-- PHP Version: 5.4.38

SET SQL_MODE="NO_AUTO_VALUE_ON_ZERO";
SET time_zone = "+00:00";


/*!40101 SET @OLD_CHARACTER_SET_CLIENT=@@CHARACTER_SET_CLIENT */;
/*!40101 SET @OLD_CHARACTER_SET_RESULTS=@@CHARACTER_SET_RESULTS */;
/*!40101 SET @OLD_COLLATION_CONNECTION=@@COLLATION_CONNECTION */;
/*!40101 SET NAMES utf8 */;

--
-- Database: `dentsu_kewpie.co.id`
--

-- --------------------------------------------------------

--
-- Table structure for table `tbl_captcha`
--

CREATE TABLE IF NOT EXISTS `tbl_captcha` (
  `id` int(11) unsigned NOT NULL AUTO_INCREMENT,
  `time` int(11) DEFAULT NULL,
  `ip_address` varchar(16) DEFAULT NULL,
  `word` varchar(10) DEFAULT NULL,
  PRIMARY KEY (`id`)
) ENGINE=MyISAM  DEFAULT CHARSET=utf8 AUTO_INCREMENT=514 ;

--
-- Dumping data for table `tbl_captcha`
--

INSERT INTO `tbl_captcha` (`id`, `time`, `ip_address`, `word`) VALUES
(513, 1432789550, '::1', 'SCZfG');

-- --------------------------------------------------------

--
-- Table structure for table `tbl_ci_sessions`
--

CREATE TABLE IF NOT EXISTS `tbl_ci_sessions` (
  `session_id` varchar(40) NOT NULL DEFAULT '0',
  `ip_address` varchar(45) NOT NULL DEFAULT '0',
  `user_agent` varchar(120) NOT NULL,
  `last_activity` int(10) unsigned NOT NULL DEFAULT '0',
  `user_data` text NOT NULL,
  PRIMARY KEY (`session_id`),
  KEY `last_activity_idx` (`last_activity`)
) ENGINE=InnoDB DEFAULT CHARSET=utf8;

--
-- Dumping data for table `tbl_ci_sessions`
--

INSERT INTO `tbl_ci_sessions` (`session_id`, `ip_address`, `user_agent`, `last_activity`, `user_data`) VALUES
('706456823935738972e8e71d0d601ffa', '::1', 'Mozilla/5.0 (Macintosh; Intel Mac OS X 10.7; rv:38.0) Gecko/20100101 Firefox/38.0', 1432822875, 'a:7:{s:9:"user_data";s:0:"";s:8:"curr_url";s:47:"admin-panel/product_recipe/index/ajax_list_info";s:8:"prev_url";s:47:"admin-panel/product_recipe/index/ajax_list_info";s:11:"module_list";s:526:"{"Admin":{"dashboard{{slash}}/index":"Dashboard Panel","user{{slash}}/index":"Users","usergroup{{slash}}/index":"User Groups","language{{slash}}/index":"Languages","setting{{slash}}/index":"Settings","serverlog{{slash}}/index":"Server Logs"},"Module":{"modulelist{{slash}}/index":"Modules List"},"Page":{"page{{slash}}/index":"Pages","pagemenu{{slash}}/index":"Page Menus"},"Product":{"product{{slash}}/index":"Product","product_category{{slash}}/index":"Product Categories","product_recipe{{slash}}/index":"Product Recipes"}}";s:20:"module_function_list";s:5429:"{"Admin":{"dashboard{{slash}}/index":"Dashboard Panel","user{{slash}}/index":"Users","usergroup{{slash}}/index":"User Groups","language{{slash}}/index":"Languages","setting{{slash}}/index":"Settings","serverlog{{slash}}/index":"Server Logs","dashboard{{slash}}/add":"Add New Dashboard","dashboard{{slash}}/view":"View Dashboard","dashboard{{slash}}/edit":"Edit Dashboard","dashboard{{slash}}/delete":"Delete Dashboard","dashboard{{slash}}/change":"Change Dashboard Status","user{{slash}}/add":"Add User","user{{slash}}/view":"View User","user{{slash}}/edit":"Edit User","user{{slash}}/delete":"Delete User","user{{slash}}/change":"Change User Status","user{{slash}}/image":"Change User Image","user{{slash}}/upload":"Upload User Image","usergroup{{slash}}/add":"Add User Group","usergroup{{slash}}/view":"View User Group","usergroup{{slash}}/edit":"Edit User Group","usergroup{{slash}}/delete":"Delete User Group","usergroup{{slash}}/change":"Change User Group Status","language{{slash}}/add":"Add Language","language{{slash}}/view":"View Language","language{{slash}}/edit":"Edit Language","language{{slash}}/delete":"Delete Language","language{{slash}}/change":"Change Language Status","setting{{slash}}/add":"Add Setting","setting{{slash}}/view":"View Setting","setting{{slash}}/edit":"Edit Setting","setting{{slash}}/delete":"Delete Setting","setting{{slash}}/change":"Change Setting Status","serverlog{{slash}}/view":"View Server Log","serverlog{{slash}}/edit":"Edit Server Log","serverlog{{slash}}/delete":"Delete Server Log","serverlog{{slash}}/trash":"Trash Server Log"},"Module":{"modulelist{{slash}}/edit":"Edit Module","modulelist{{slash}}/trash":"Delete User Permission"},"Page":{"page{{slash}}/index":"Pages","pagemenu{{slash}}/index":"Page Menus","page{{slash}}/index{{slash}}/add":"Add Page","page{{slash}}/index{{slash}}/view":"View Page","page{{slash}}/index{{slash}}/edit":"Edit Page","page{{slash}}/index{{slash}}/delete":"Delete Page","page{{slash}}/detail":"Detail Page","page{{slash}}/translate":"Translate Page","page{{slash}}/index{{slash}}/change":"Change Page Status","page{{slash}}/index{{slash}}/export":"Export Page","page{{slash}}/index{{slash}}/print":"Print Page","page_gallery{{slash}}/index":"Gallery","page_gallery{{slash}}/index{{slash}}/add":"Add Gallery","page_gallery{{slash}}/index{{slash}}/view":"View Gallery","page_gallery{{slash}}/index{{slash}}/edit":"Edit Gallery","page_gallery{{slash}}/index{{slash}}/delete":"Delete Gallery","page_gallery{{slash}}/index{{slash}}/change":"Change Gallery","page_gallery{{slash}}/index{{slash}}/export":"Export Gallery","page_gallery{{slash}}/index{{slash}}/print":"Print Gallery","pagemenu{{slash}}/index{{slash}}/add":"Add Page Menu","pagemenu{{slash}}/index{{slash}}/view":"View Page Menu","pagemenu{{slash}}/index{{slash}}/edit":"Edit Page Menu","pagemenu{{slash}}/index{{slash}}/delete":"Delete Page Menu","pagemenu{{slash}}/detail":"Detail Page Menu","pagemenu{{slash}}/translate":"Translate Page Menu","pagemenu{{slash}}/index{{slash}}/change":"Change Page Menu Status","pagemenu{{slash}}/index{{slash}}/export":"Export Page Menu","pagemenu{{slash}}/index{{slash}}/print":"Print Page Menu"},"Product":{"product{{slash}}/index":"Product","product_category{{slash}}/index":"Product Categories","product_recipe{{slash}}/index":"Product Recipes","product{{slash}}/index{{slash}}/add":"Add Product","product{{slash}}/index{{slash}}/view":"View Product","product{{slash}}/index{{slash}}/edit":"Edit Product","product{{slash}}/index{{slash}}/delete":"Delete Product","product{{slash}}/detail":"Detail Product","product{{slash}}/translate":"Translate Product","product{{slash}}/index{{slash}}/change":"Change Product Status","product{{slash}}/index{{slash}}/export":"Export Product","product{{slash}}/index{{slash}}/print":"Print Product","product_gallery{{slash}}/index":"Gallery","product_gallery{{slash}}/index{{slash}}/add":"Add Gallery","product_gallery{{slash}}/index{{slash}}/view":"View Gallery","product_gallery{{slash}}/index{{slash}}/edit":"Edit Gallery","product_gallery{{slash}}/index{{slash}}/delete":"Delete Gallery","product_gallery{{slash}}/index{{slash}}/change":"Change Gallery","product_gallery{{slash}}/index{{slash}}/export":"Export Gallery","product_gallery{{slash}}/index{{slash}}/print":"Print Gallery","product_category{{slash}}/index{{slash}}/add":"Add Category","product_category{{slash}}/index{{slash}}/view":"View Category","product_category{{slash}}/index{{slash}}/edit":"Edit Category","product_category{{slash}}/index{{slash}}/delete":"Delete Category","product_category{{slash}}/detail":"Detail Category","product_category{{slash}}/translate":"Translate Category","product_category{{slash}}/index{{slash}}/change":"Change Category Status","product_category{{slash}}/index{{slash}}/export":"Export Category","product_category{{slash}}/index{{slash}}/print":"Print Category","product_recipe{{slash}}/index{{slash}}/add":"Add Recipe","product_recipe{{slash}}/index{{slash}}/view":"View Recipe","product_recipe{{slash}}/index{{slash}}/edit":"Edit Recipe","product_recipe{{slash}}/index{{slash}}/delete":"Delete Recipe","product_recipe{{slash}}/detail":"Detail Recipe","product_recipe{{slash}}/translate":"Translate Recipe","product_recipe{{slash}}/index{{slash}}/change":"Change Recipe Status","product_recipe{{slash}}/index{{slash}}/export":"Export Recipe","product_recipe{{slash}}/index{{slash}}/print":"Print Recipe"}}";s:12:"user_session";O:8:"stdClass":8:{s:2:"id";s:1:"1";s:8:"username";s:5:"admin";s:5:"email";s:15:"admin@admin.com";s:8:"group_id";s:1:"1";s:6:"status";s:1:"1";s:10:"last_login";s:10:"1432809380";s:9:"logged_in";b:1;s:4:"name";s:21:"Administrator Website";}s:8:"language";s:7:"english";}');

-- --------------------------------------------------------

--
-- Table structure for table `tbl_configurations`
--

CREATE TABLE IF NOT EXISTS `tbl_configurations` (
  `parameter` varchar(150) NOT NULL DEFAULT '',
  `value` varchar(150) NOT NULL DEFAULT '',
  PRIMARY KEY (`parameter`,`value`)
) ENGINE=MyISAM DEFAULT CHARSET=utf8;

--
-- Dumping data for table `tbl_configurations`
--

INSERT INTO `tbl_configurations` (`parameter`, `value`) VALUES
('environment', '0'),
('install', '0'),
('maintenance', '0'),
('theme', '0');

-- --------------------------------------------------------

--
-- Table structure for table `tbl_divisions`
--

CREATE TABLE IF NOT EXISTS `tbl_divisions` (
  `id` int(11) NOT NULL AUTO_INCREMENT,
  `name` varchar(255) DEFAULT NULL,
  `subject` varchar(255) DEFAULT NULL,
  `description` text NOT NULL,
  `is_system` tinyint(1) NOT NULL DEFAULT '1',
  `status` tinyint(1) DEFAULT '1',
  `added` int(11) NOT NULL,
  `modified` int(11) NOT NULL,
  PRIMARY KEY (`id`),
  KEY `name` (`name`,`status`)
) ENGINE=MyISAM  DEFAULT CHARSET=utf8 AUTO_INCREMENT=19 ;

--
-- Dumping data for table `tbl_divisions`
--

INSERT INTO `tbl_divisions` (`id`, `name`, `subject`, `description`, `is_system`, `status`, `added`, `modified`) VALUES
(12, 'developer', 'Developer', '<p>\r\n	Web Developer Division</p>\r\n', 1, 1, 1364610224, 1364610224),
(13, 'director', 'Director', '<p>\r\n	Director</p>\r\n', 1, 1, 1364610224, 1368369595),
(14, 'account', 'Account', '<p>\r\n	Account</p>\r\n', 1, 1, 0, 0),
(15, 'manager', 'Manager', '<p>\r\n	Manager</p>\r\n', 1, 1, 0, 0),
(16, 'strategist', 'Strategist', '<p>\r\n	Strategist</p>\r\n', 1, 1, 0, 0),
(17, 'creative', 'Creative', '<p>\r\n	Creative</p>\r\n', 1, 1, 0, 0),
(18, 'finance', 'Finance', '<p>\r\n	Finance</p>\r\n', 1, 1, 0, 0);

-- --------------------------------------------------------

--
-- Table structure for table `tbl_division_files`
--

CREATE TABLE IF NOT EXISTS `tbl_division_files` (
  `id` int(11) unsigned NOT NULL AUTO_INCREMENT,
  `division_id` int(11) unsigned DEFAULT NULL,
  `field_name` varchar(96) DEFAULT NULL,
  `file_name` varchar(64) DEFAULT NULL,
  `file_type` varchar(16) DEFAULT NULL,
  `caption` varchar(255) DEFAULT NULL,
  PRIMARY KEY (`id`),
  KEY `article_id` (`division_id`)
) ENGINE=MyISAM  DEFAULT CHARSET=utf8 AUTO_INCREMENT=2 ;

--
-- Dumping data for table `tbl_division_files`
--

INSERT INTO `tbl_division_files` (`id`, `division_id`, `field_name`, `file_name`, `file_type`, `caption`) VALUES
(1, 13, 'image_1', 'd0020c5505cc68f55446c109c352930d.jpg', 'image/jpeg', '');

-- --------------------------------------------------------

--
-- Table structure for table `tbl_group_permissions`
--

CREATE TABLE IF NOT EXISTS `tbl_group_permissions` (
  `id` int(11) unsigned NOT NULL AUTO_INCREMENT,
  `permission_id` int(11) NOT NULL,
  `group_id` int(11) NOT NULL,
  `value` smallint(1) NOT NULL,
  `added` int(11) NOT NULL,
  `modified` int(11) NOT NULL,
  PRIMARY KEY (`id`),
  KEY `id` (`id`)
) ENGINE=MyISAM  DEFAULT CHARSET=utf8 AUTO_INCREMENT=825 ;

--
-- Dumping data for table `tbl_group_permissions`
--

INSERT INTO `tbl_group_permissions` (`id`, `permission_id`, `group_id`, `value`, `added`, `modified`) VALUES
(1, 1, 1, 1, 1432809384, 0),
(2, 2, 1, 1, 1432809384, 0),
(3, 3, 1, 1, 1432809384, 0),
(4, 4, 1, 1, 1432809384, 0),
(5, 5, 1, 1, 1432809384, 0),
(6, 6, 1, 1, 1432809384, 0),
(7, 38, 1, 1, 1432809384, 0),
(8, 39, 1, 1, 1432809384, 0),
(9, 66, 1, 1, 1432809384, 0),
(10, 67, 1, 1, 1432809384, 0),
(11, 68, 1, 1, 1432809384, 0),
(12, 7, 1, 1, 1432809384, 0),
(13, 8, 1, 1, 1432809384, 0),
(14, 9, 1, 1, 1432809384, 0),
(15, 10, 1, 1, 1432809384, 0),
(16, 11, 1, 1, 1432809384, 0),
(17, 12, 1, 1, 1432809384, 0),
(18, 13, 1, 1, 1432809384, 0),
(19, 14, 1, 1, 1432809384, 0),
(20, 15, 1, 1, 1432809384, 0),
(21, 16, 1, 1, 1432809384, 0),
(22, 17, 1, 1, 1432809384, 0),
(23, 18, 1, 1, 1432809384, 0),
(24, 19, 1, 1, 1432809384, 0),
(25, 20, 1, 1, 1432809384, 0),
(26, 21, 1, 1, 1432809384, 0),
(27, 22, 1, 1, 1432809384, 0),
(28, 23, 1, 1, 1432809384, 0),
(29, 24, 1, 1, 1432809384, 0),
(30, 25, 1, 1, 1432809384, 0),
(31, 26, 1, 1, 1432809384, 0),
(32, 27, 1, 1, 1432809384, 0),
(33, 28, 1, 1, 1432809384, 0),
(34, 29, 1, 1, 1432809384, 0),
(35, 30, 1, 1, 1432809384, 0),
(36, 31, 1, 1, 1432809384, 0),
(37, 32, 1, 1, 1432809384, 0),
(38, 33, 1, 1, 1432809384, 0),
(39, 34, 1, 1, 1432809384, 0),
(40, 35, 1, 1, 1432809384, 0),
(41, 36, 1, 1, 1432809384, 0),
(42, 37, 1, 1, 1432809384, 0),
(43, 40, 1, 1, 1432809384, 0),
(44, 41, 1, 1, 1432809384, 0),
(45, 42, 1, 1, 1432809384, 0),
(46, 43, 1, 1, 1432809384, 0),
(47, 44, 1, 1, 1432809384, 0),
(48, 45, 1, 1, 1432809384, 0),
(49, 46, 1, 1, 1432809384, 0),
(50, 47, 1, 1, 1432809384, 0),
(51, 48, 1, 1, 1432809384, 0),
(52, 49, 1, 1, 1432809384, 0),
(53, 50, 1, 1, 1432809384, 0),
(54, 51, 1, 1, 1432809384, 0),
(55, 52, 1, 1, 1432809384, 0),
(56, 53, 1, 1, 1432809384, 0),
(57, 54, 1, 1, 1432809384, 0),
(58, 55, 1, 1, 1432809384, 0),
(59, 56, 1, 1, 1432809384, 0),
(60, 57, 1, 1, 1432809384, 0),
(61, 58, 1, 1, 1432809384, 0),
(62, 59, 1, 1, 1432809384, 0),
(63, 60, 1, 1, 1432809384, 0),
(64, 61, 1, 1, 1432809384, 0),
(65, 62, 1, 1, 1432809384, 0),
(66, 63, 1, 1, 1432809384, 0),
(67, 64, 1, 1, 1432809384, 0),
(68, 65, 1, 1, 1432809384, 0),
(69, 69, 1, 1, 1432809384, 0),
(70, 70, 1, 1, 1432809384, 0),
(71, 71, 1, 1, 1432809384, 0),
(72, 72, 1, 1, 1432809384, 0),
(73, 73, 1, 1, 1432809384, 0),
(74, 74, 1, 1, 1432809384, 0),
(75, 75, 1, 1, 1432809384, 0),
(76, 76, 1, 1, 1432809384, 0),
(77, 77, 1, 1, 1432809384, 0),
(78, 78, 1, 1, 1432809384, 0),
(79, 79, 1, 1, 1432809384, 0),
(80, 80, 1, 1, 1432809384, 0),
(81, 81, 1, 1, 1432809384, 0),
(82, 82, 1, 1, 1432809384, 0),
(83, 83, 1, 1, 1432809384, 0),
(84, 84, 1, 1, 1432809384, 0),
(85, 85, 1, 1, 1432809384, 0),
(86, 86, 1, 1, 1432809384, 0),
(87, 87, 1, 1, 1432809384, 0),
(88, 88, 1, 1, 1432809384, 0),
(89, 89, 1, 1, 1432809384, 0),
(90, 90, 1, 1, 1432809384, 0),
(91, 91, 1, 1, 1432809384, 0),
(92, 92, 1, 1, 1432809384, 0),
(93, 93, 1, 1, 1432809384, 0),
(94, 94, 1, 1, 1432809384, 0),
(95, 95, 1, 1, 1432809384, 0),
(96, 96, 1, 1, 1432809384, 0),
(97, 97, 1, 1, 1432809384, 0),
(98, 98, 1, 1, 1432809384, 0),
(99, 99, 1, 1, 1432809384, 0),
(100, 100, 1, 1, 1432809384, 0),
(101, 101, 1, 1, 1432809384, 0),
(102, 102, 1, 1, 1432809384, 0),
(103, 103, 1, 1, 1432809384, 0),
(104, 1, 2, 1, 1432809384, 0),
(105, 2, 2, 1, 1432809384, 0),
(106, 3, 2, 1, 1432809384, 0),
(107, 4, 2, 1, 1432809384, 0),
(108, 5, 2, 1, 1432809384, 0),
(109, 6, 2, 1, 1432809384, 0),
(110, 38, 2, 1, 1432809384, 0),
(111, 39, 2, 1, 1432809384, 0),
(112, 66, 2, 1, 1432809384, 0),
(113, 67, 2, 1, 1432809384, 0),
(114, 68, 2, 1, 1432809384, 0),
(115, 7, 2, 1, 1432809384, 0),
(116, 8, 2, 1, 1432809384, 0),
(117, 9, 2, 1, 1432809384, 0),
(118, 10, 2, 1, 1432809384, 0),
(119, 11, 2, 1, 1432809384, 0),
(120, 12, 2, 1, 1432809384, 0),
(121, 13, 2, 1, 1432809384, 0),
(122, 14, 2, 1, 1432809384, 0),
(123, 15, 2, 1, 1432809384, 0),
(124, 16, 2, 1, 1432809384, 0),
(125, 17, 2, 1, 1432809384, 0),
(126, 18, 2, 1, 1432809384, 0),
(127, 19, 2, 1, 1432809384, 0),
(128, 20, 2, 1, 1432809384, 0),
(129, 21, 2, 1, 1432809384, 0),
(130, 22, 2, 1, 1432809384, 0),
(131, 23, 2, 1, 1432809384, 0),
(132, 24, 2, 1, 1432809384, 0),
(133, 25, 2, 1, 1432809384, 0),
(134, 26, 2, 1, 1432809384, 0),
(135, 27, 2, 1, 1432809384, 0),
(136, 28, 2, 1, 1432809384, 0),
(137, 29, 2, 1, 1432809384, 0),
(138, 30, 2, 1, 1432809384, 0),
(139, 31, 2, 1, 1432809384, 0),
(140, 32, 2, 1, 1432809384, 0),
(141, 33, 2, 1, 1432809384, 0),
(142, 34, 2, 1, 1432809384, 0),
(143, 35, 2, 1, 1432809384, 0),
(144, 36, 2, 1, 1432809384, 0),
(145, 37, 2, 1, 1432809384, 0),
(146, 40, 2, 1, 1432809384, 0),
(147, 41, 2, 1, 1432809384, 0),
(148, 42, 2, 1, 1432809384, 0),
(149, 43, 2, 1, 1432809384, 0),
(150, 44, 2, 1, 1432809384, 0),
(151, 45, 2, 1, 1432809384, 0),
(152, 46, 2, 1, 1432809384, 0),
(153, 47, 2, 1, 1432809384, 0),
(154, 48, 2, 1, 1432809384, 0),
(155, 49, 2, 1, 1432809384, 0),
(156, 50, 2, 1, 1432809384, 0),
(157, 51, 2, 1, 1432809384, 0),
(158, 52, 2, 1, 1432809384, 0),
(159, 53, 2, 1, 1432809384, 0),
(160, 54, 2, 1, 1432809384, 0),
(161, 55, 2, 1, 1432809384, 0),
(162, 56, 2, 1, 1432809384, 0),
(163, 57, 2, 1, 1432809384, 0),
(164, 58, 2, 1, 1432809384, 0),
(165, 59, 2, 1, 1432809384, 0),
(166, 60, 2, 1, 1432809384, 0),
(167, 61, 2, 1, 1432809384, 0),
(168, 62, 2, 1, 1432809384, 0),
(169, 63, 2, 1, 1432809384, 0),
(170, 64, 2, 1, 1432809384, 0),
(171, 65, 2, 1, 1432809384, 0),
(172, 69, 2, 1, 1432809384, 0),
(173, 70, 2, 1, 1432809384, 0),
(174, 71, 2, 1, 1432809384, 0),
(175, 72, 2, 1, 1432809384, 0),
(176, 73, 2, 1, 1432809384, 0),
(177, 74, 2, 1, 1432809384, 0),
(178, 75, 2, 1, 1432809384, 0),
(179, 76, 2, 1, 1432809384, 0),
(180, 77, 2, 1, 1432809384, 0),
(181, 78, 2, 1, 1432809384, 0),
(182, 79, 2, 1, 1432809384, 0),
(183, 80, 2, 1, 1432809384, 0),
(184, 81, 2, 1, 1432809384, 0),
(185, 82, 2, 1, 1432809384, 0),
(186, 83, 2, 1, 1432809384, 0),
(187, 84, 2, 1, 1432809384, 0),
(188, 85, 2, 1, 1432809384, 0),
(189, 86, 2, 1, 1432809384, 0),
(190, 87, 2, 1, 1432809384, 0),
(191, 88, 2, 1, 1432809384, 0),
(192, 89, 2, 1, 1432809384, 0),
(193, 90, 2, 1, 1432809384, 0),
(194, 91, 2, 1, 1432809384, 0),
(195, 92, 2, 1, 1432809384, 0),
(196, 93, 2, 1, 1432809384, 0),
(197, 94, 2, 1, 1432809384, 0),
(198, 95, 2, 1, 1432809384, 0),
(199, 96, 2, 1, 1432809384, 0),
(200, 97, 2, 1, 1432809384, 0),
(201, 98, 2, 1, 1432809384, 0),
(202, 99, 2, 1, 1432809384, 0),
(203, 100, 2, 1, 1432809384, 0),
(204, 101, 2, 1, 1432809384, 0),
(205, 102, 2, 1, 1432809384, 0),
(206, 103, 2, 1, 1432809384, 0),
(207, 1, 99, 0, 1432809384, 0),
(208, 2, 99, 0, 1432809384, 0),
(209, 3, 99, 0, 1432809384, 0),
(210, 4, 99, 0, 1432809384, 0),
(211, 5, 99, 0, 1432809384, 0),
(212, 6, 99, 0, 1432809384, 0),
(213, 38, 99, 0, 1432809384, 0),
(214, 39, 99, 0, 1432809384, 0),
(215, 66, 99, 0, 1432809384, 0),
(216, 67, 99, 0, 1432809384, 0),
(217, 68, 99, 0, 1432809384, 0),
(218, 7, 99, 0, 1432809384, 0),
(219, 8, 99, 0, 1432809384, 0),
(220, 9, 99, 0, 1432809384, 0),
(221, 10, 99, 0, 1432809384, 0),
(222, 11, 99, 0, 1432809384, 0),
(223, 12, 99, 0, 1432809384, 0),
(224, 13, 99, 0, 1432809384, 0),
(225, 14, 99, 0, 1432809384, 0),
(226, 15, 99, 0, 1432809384, 0),
(227, 16, 99, 0, 1432809384, 0),
(228, 17, 99, 0, 1432809384, 0),
(229, 18, 99, 0, 1432809384, 0),
(230, 19, 99, 0, 1432809384, 0),
(231, 20, 99, 0, 1432809384, 0),
(232, 21, 99, 0, 1432809384, 0),
(233, 22, 99, 0, 1432809384, 0),
(234, 23, 99, 0, 1432809384, 0),
(235, 24, 99, 0, 1432809384, 0),
(236, 25, 99, 0, 1432809384, 0),
(237, 26, 99, 0, 1432809384, 0),
(238, 27, 99, 0, 1432809384, 0),
(239, 28, 99, 0, 1432809384, 0),
(240, 29, 99, 0, 1432809384, 0),
(241, 30, 99, 0, 1432809384, 0),
(242, 31, 99, 0, 1432809384, 0),
(243, 32, 99, 0, 1432809384, 0),
(244, 33, 99, 0, 1432809384, 0),
(245, 34, 99, 0, 1432809384, 0),
(246, 35, 99, 0, 1432809384, 0),
(247, 36, 99, 0, 1432809384, 0),
(248, 37, 99, 0, 1432809384, 0),
(249, 40, 99, 0, 1432809384, 0),
(250, 41, 99, 0, 1432809384, 0),
(251, 42, 99, 0, 1432809384, 0),
(252, 43, 99, 0, 1432809384, 0),
(253, 44, 99, 0, 1432809384, 0),
(254, 45, 99, 0, 1432809384, 0),
(255, 46, 99, 0, 1432809384, 0),
(256, 47, 99, 0, 1432809384, 0),
(257, 48, 99, 0, 1432809384, 0),
(258, 49, 99, 0, 1432809384, 0),
(259, 50, 99, 0, 1432809384, 0),
(260, 51, 99, 0, 1432809384, 0),
(261, 52, 99, 0, 1432809384, 0),
(262, 53, 99, 0, 1432809384, 0),
(263, 54, 99, 0, 1432809384, 0),
(264, 55, 99, 0, 1432809384, 0),
(265, 56, 99, 0, 1432809384, 0),
(266, 57, 99, 0, 1432809384, 0),
(267, 58, 99, 0, 1432809384, 0),
(268, 59, 99, 0, 1432809384, 0),
(269, 60, 99, 0, 1432809384, 0),
(270, 61, 99, 0, 1432809384, 0),
(271, 62, 99, 0, 1432809384, 0),
(272, 63, 99, 0, 1432809384, 0),
(273, 64, 99, 0, 1432809384, 0),
(274, 65, 99, 0, 1432809384, 0),
(275, 69, 99, 0, 1432809384, 0),
(276, 70, 99, 0, 1432809384, 0),
(277, 71, 99, 0, 1432809384, 0),
(278, 72, 99, 0, 1432809384, 0),
(279, 73, 99, 0, 1432809384, 0),
(280, 74, 99, 0, 1432809384, 0),
(281, 75, 99, 0, 1432809384, 0),
(282, 76, 99, 0, 1432809384, 0),
(283, 77, 99, 0, 1432809384, 0),
(284, 78, 99, 0, 1432809384, 0),
(285, 79, 99, 0, 1432809384, 0),
(286, 80, 99, 0, 1432809384, 0),
(287, 81, 99, 0, 1432809384, 0),
(288, 82, 99, 0, 1432809384, 0),
(289, 83, 99, 0, 1432809384, 0),
(290, 84, 99, 0, 1432809384, 0),
(291, 85, 99, 0, 1432809384, 0),
(292, 86, 99, 0, 1432809384, 0),
(293, 87, 99, 0, 1432809384, 0),
(294, 88, 99, 0, 1432809384, 0),
(295, 89, 99, 0, 1432809384, 0),
(296, 90, 99, 0, 1432809384, 0),
(297, 91, 99, 0, 1432809384, 0),
(298, 92, 99, 0, 1432809384, 0),
(299, 93, 99, 0, 1432809384, 0),
(300, 94, 99, 0, 1432809384, 0),
(301, 95, 99, 0, 1432809384, 0),
(302, 96, 99, 0, 1432809384, 0),
(303, 97, 99, 0, 1432809384, 0),
(304, 98, 99, 0, 1432809384, 0),
(305, 99, 99, 0, 1432809384, 0),
(306, 100, 99, 0, 1432809384, 0),
(307, 101, 99, 0, 1432809384, 0),
(308, 102, 99, 0, 1432809384, 0),
(309, 103, 99, 0, 1432809384, 0),
(310, 1, 112, 0, 1432809384, 0),
(311, 2, 112, 0, 1432809384, 0),
(312, 3, 112, 0, 1432809384, 0),
(313, 4, 112, 0, 1432809384, 0),
(314, 5, 112, 0, 1432809384, 0),
(315, 6, 112, 0, 1432809384, 0),
(316, 38, 112, 0, 1432809384, 0),
(317, 39, 112, 0, 1432809384, 0),
(318, 66, 112, 0, 1432809384, 0),
(319, 67, 112, 0, 1432809384, 0),
(320, 68, 112, 0, 1432809384, 0),
(321, 7, 112, 0, 1432809384, 0),
(322, 8, 112, 0, 1432809384, 0),
(323, 9, 112, 0, 1432809384, 0),
(324, 10, 112, 0, 1432809384, 0),
(325, 11, 112, 0, 1432809384, 0),
(326, 12, 112, 0, 1432809384, 0),
(327, 13, 112, 0, 1432809384, 0),
(328, 14, 112, 0, 1432809384, 0),
(329, 15, 112, 0, 1432809384, 0),
(330, 16, 112, 0, 1432809384, 0),
(331, 17, 112, 0, 1432809384, 0),
(332, 18, 112, 0, 1432809384, 0),
(333, 19, 112, 0, 1432809384, 0),
(334, 20, 112, 0, 1432809384, 0),
(335, 21, 112, 0, 1432809384, 0),
(336, 22, 112, 0, 1432809384, 0),
(337, 23, 112, 0, 1432809384, 0),
(338, 24, 112, 0, 1432809384, 0),
(339, 25, 112, 0, 1432809384, 0),
(340, 26, 112, 0, 1432809384, 0),
(341, 27, 112, 0, 1432809384, 0),
(342, 28, 112, 0, 1432809384, 0),
(343, 29, 112, 0, 1432809384, 0),
(344, 30, 112, 0, 1432809384, 0),
(345, 31, 112, 0, 1432809384, 0),
(346, 32, 112, 0, 1432809384, 0),
(347, 33, 112, 0, 1432809384, 0),
(348, 34, 112, 0, 1432809384, 0),
(349, 35, 112, 0, 1432809384, 0),
(350, 36, 112, 0, 1432809384, 0),
(351, 37, 112, 0, 1432809384, 0),
(352, 40, 112, 0, 1432809384, 0),
(353, 41, 112, 0, 1432809384, 0),
(354, 42, 112, 0, 1432809384, 0),
(355, 43, 112, 0, 1432809384, 0),
(356, 44, 112, 0, 1432809384, 0),
(357, 45, 112, 0, 1432809384, 0),
(358, 46, 112, 0, 1432809384, 0),
(359, 47, 112, 0, 1432809384, 0),
(360, 48, 112, 0, 1432809384, 0),
(361, 49, 112, 0, 1432809384, 0),
(362, 50, 112, 0, 1432809384, 0),
(363, 51, 112, 0, 1432809384, 0),
(364, 52, 112, 0, 1432809384, 0),
(365, 53, 112, 0, 1432809384, 0),
(366, 54, 112, 0, 1432809384, 0),
(367, 55, 112, 0, 1432809384, 0),
(368, 56, 112, 0, 1432809384, 0),
(369, 57, 112, 0, 1432809384, 0),
(370, 58, 112, 0, 1432809384, 0),
(371, 59, 112, 0, 1432809384, 0),
(372, 60, 112, 0, 1432809384, 0),
(373, 61, 112, 0, 1432809384, 0),
(374, 62, 112, 0, 1432809384, 0),
(375, 63, 112, 0, 1432809384, 0),
(376, 64, 112, 0, 1432809384, 0),
(377, 65, 112, 0, 1432809384, 0),
(378, 69, 112, 0, 1432809384, 0),
(379, 70, 112, 0, 1432809384, 0),
(380, 71, 112, 0, 1432809384, 0),
(381, 72, 112, 0, 1432809384, 0),
(382, 73, 112, 0, 1432809384, 0),
(383, 74, 112, 0, 1432809384, 0),
(384, 75, 112, 0, 1432809384, 0),
(385, 76, 112, 0, 1432809384, 0),
(386, 77, 112, 0, 1432809384, 0),
(387, 78, 112, 0, 1432809384, 0),
(388, 79, 112, 0, 1432809384, 0),
(389, 80, 112, 0, 1432809384, 0),
(390, 81, 112, 0, 1432809384, 0),
(391, 82, 112, 0, 1432809384, 0),
(392, 83, 112, 0, 1432809384, 0),
(393, 84, 112, 0, 1432809384, 0),
(394, 85, 112, 0, 1432809384, 0),
(395, 86, 112, 0, 1432809384, 0),
(396, 87, 112, 0, 1432809384, 0),
(397, 88, 112, 0, 1432809384, 0),
(398, 89, 112, 0, 1432809384, 0),
(399, 90, 112, 0, 1432809384, 0),
(400, 91, 112, 0, 1432809384, 0),
(401, 92, 112, 0, 1432809384, 0),
(402, 93, 112, 0, 1432809384, 0),
(403, 94, 112, 0, 1432809384, 0),
(404, 95, 112, 0, 1432809384, 0),
(405, 96, 112, 0, 1432809384, 0),
(406, 97, 112, 0, 1432809384, 0),
(407, 98, 112, 0, 1432809384, 0),
(408, 99, 112, 0, 1432809384, 0),
(409, 100, 112, 0, 1432809384, 0),
(410, 101, 112, 0, 1432809384, 0),
(411, 102, 112, 0, 1432809384, 0),
(412, 103, 112, 0, 1432809384, 0),
(413, 1, 113, 0, 1432809384, 0),
(414, 2, 113, 0, 1432809384, 0),
(415, 3, 113, 0, 1432809384, 0),
(416, 4, 113, 0, 1432809384, 0),
(417, 5, 113, 0, 1432809384, 0),
(418, 6, 113, 0, 1432809384, 0),
(419, 38, 113, 0, 1432809384, 0),
(420, 39, 113, 0, 1432809384, 0),
(421, 66, 113, 0, 1432809384, 0),
(422, 67, 113, 0, 1432809384, 0),
(423, 68, 113, 0, 1432809384, 0),
(424, 7, 113, 0, 1432809384, 0),
(425, 8, 113, 0, 1432809384, 0),
(426, 9, 113, 0, 1432809384, 0),
(427, 10, 113, 0, 1432809384, 0),
(428, 11, 113, 0, 1432809384, 0),
(429, 12, 113, 0, 1432809384, 0),
(430, 13, 113, 0, 1432809384, 0),
(431, 14, 113, 0, 1432809384, 0),
(432, 15, 113, 0, 1432809384, 0),
(433, 16, 113, 0, 1432809384, 0),
(434, 17, 113, 0, 1432809384, 0),
(435, 18, 113, 0, 1432809384, 0),
(436, 19, 113, 0, 1432809384, 0),
(437, 20, 113, 0, 1432809384, 0),
(438, 21, 113, 0, 1432809384, 0),
(439, 22, 113, 0, 1432809384, 0),
(440, 23, 113, 0, 1432809384, 0),
(441, 24, 113, 0, 1432809384, 0),
(442, 25, 113, 0, 1432809384, 0),
(443, 26, 113, 0, 1432809384, 0),
(444, 27, 113, 0, 1432809384, 0),
(445, 28, 113, 0, 1432809384, 0),
(446, 29, 113, 0, 1432809384, 0),
(447, 30, 113, 0, 1432809384, 0),
(448, 31, 113, 0, 1432809384, 0),
(449, 32, 113, 0, 1432809384, 0),
(450, 33, 113, 0, 1432809384, 0),
(451, 34, 113, 0, 1432809384, 0),
(452, 35, 113, 0, 1432809384, 0),
(453, 36, 113, 0, 1432809384, 0),
(454, 37, 113, 0, 1432809384, 0),
(455, 40, 113, 0, 1432809384, 0),
(456, 41, 113, 0, 1432809384, 0),
(457, 42, 113, 0, 1432809384, 0),
(458, 43, 113, 0, 1432809384, 0),
(459, 44, 113, 0, 1432809384, 0),
(460, 45, 113, 0, 1432809384, 0),
(461, 46, 113, 0, 1432809384, 0),
(462, 47, 113, 0, 1432809384, 0),
(463, 48, 113, 0, 1432809384, 0),
(464, 49, 113, 0, 1432809384, 0),
(465, 50, 113, 0, 1432809384, 0),
(466, 51, 113, 0, 1432809384, 0),
(467, 52, 113, 0, 1432809384, 0),
(468, 53, 113, 0, 1432809384, 0),
(469, 54, 113, 0, 1432809384, 0),
(470, 55, 113, 0, 1432809384, 0),
(471, 56, 113, 0, 1432809384, 0),
(472, 57, 113, 0, 1432809384, 0),
(473, 58, 113, 0, 1432809384, 0),
(474, 59, 113, 0, 1432809384, 0),
(475, 60, 113, 0, 1432809384, 0),
(476, 61, 113, 0, 1432809384, 0),
(477, 62, 113, 0, 1432809384, 0),
(478, 63, 113, 0, 1432809384, 0),
(479, 64, 113, 0, 1432809384, 0),
(480, 65, 113, 0, 1432809384, 0),
(481, 69, 113, 0, 1432809384, 0),
(482, 70, 113, 0, 1432809384, 0),
(483, 71, 113, 0, 1432809384, 0),
(484, 72, 113, 0, 1432809384, 0),
(485, 73, 113, 0, 1432809384, 0),
(486, 74, 113, 0, 1432809384, 0),
(487, 75, 113, 0, 1432809384, 0),
(488, 76, 113, 0, 1432809384, 0),
(489, 77, 113, 0, 1432809384, 0),
(490, 78, 113, 0, 1432809384, 0),
(491, 79, 113, 0, 1432809384, 0),
(492, 80, 113, 0, 1432809384, 0),
(493, 81, 113, 0, 1432809384, 0),
(494, 82, 113, 0, 1432809384, 0),
(495, 83, 113, 0, 1432809384, 0),
(496, 84, 113, 0, 1432809384, 0),
(497, 85, 113, 0, 1432809384, 0),
(498, 86, 113, 0, 1432809384, 0),
(499, 87, 113, 0, 1432809384, 0),
(500, 88, 113, 0, 1432809384, 0),
(501, 89, 113, 0, 1432809384, 0),
(502, 90, 113, 0, 1432809384, 0),
(503, 91, 113, 0, 1432809384, 0),
(504, 92, 113, 0, 1432809384, 0),
(505, 93, 113, 0, 1432809384, 0),
(506, 94, 113, 0, 1432809384, 0),
(507, 95, 113, 0, 1432809384, 0),
(508, 96, 113, 0, 1432809384, 0),
(509, 97, 113, 0, 1432809384, 0),
(510, 98, 113, 0, 1432809384, 0),
(511, 99, 113, 0, 1432809384, 0),
(512, 100, 113, 0, 1432809384, 0),
(513, 101, 113, 0, 1432809384, 0),
(514, 102, 113, 0, 1432809384, 0),
(515, 103, 113, 0, 1432809384, 0),
(516, 1, 114, 0, 1432809384, 0),
(517, 2, 114, 0, 1432809384, 0),
(518, 3, 114, 0, 1432809384, 0),
(519, 4, 114, 0, 1432809384, 0),
(520, 5, 114, 0, 1432809384, 0),
(521, 6, 114, 0, 1432809384, 0),
(522, 38, 114, 0, 1432809384, 0),
(523, 39, 114, 0, 1432809384, 0),
(524, 66, 114, 0, 1432809384, 0),
(525, 67, 114, 0, 1432809384, 0),
(526, 68, 114, 0, 1432809384, 0),
(527, 7, 114, 0, 1432809384, 0),
(528, 8, 114, 0, 1432809384, 0),
(529, 9, 114, 0, 1432809384, 0),
(530, 10, 114, 0, 1432809384, 0),
(531, 11, 114, 0, 1432809384, 0),
(532, 12, 114, 0, 1432809384, 0),
(533, 13, 114, 0, 1432809384, 0),
(534, 14, 114, 0, 1432809384, 0),
(535, 15, 114, 0, 1432809384, 0),
(536, 16, 114, 0, 1432809384, 0),
(537, 17, 114, 0, 1432809384, 0),
(538, 18, 114, 0, 1432809384, 0),
(539, 19, 114, 0, 1432809384, 0),
(540, 20, 114, 0, 1432809384, 0),
(541, 21, 114, 0, 1432809384, 0),
(542, 22, 114, 0, 1432809384, 0),
(543, 23, 114, 0, 1432809384, 0),
(544, 24, 114, 0, 1432809384, 0),
(545, 25, 114, 0, 1432809384, 0),
(546, 26, 114, 0, 1432809384, 0),
(547, 27, 114, 0, 1432809384, 0),
(548, 28, 114, 0, 1432809384, 0),
(549, 29, 114, 0, 1432809384, 0),
(550, 30, 114, 0, 1432809384, 0),
(551, 31, 114, 0, 1432809384, 0),
(552, 32, 114, 0, 1432809384, 0),
(553, 33, 114, 0, 1432809384, 0),
(554, 34, 114, 0, 1432809384, 0),
(555, 35, 114, 0, 1432809384, 0),
(556, 36, 114, 0, 1432809384, 0),
(557, 37, 114, 0, 1432809384, 0),
(558, 40, 114, 0, 1432809384, 0),
(559, 41, 114, 0, 1432809384, 0),
(560, 42, 114, 0, 1432809384, 0),
(561, 43, 114, 0, 1432809384, 0),
(562, 44, 114, 0, 1432809384, 0),
(563, 45, 114, 0, 1432809384, 0),
(564, 46, 114, 0, 1432809384, 0),
(565, 47, 114, 0, 1432809384, 0),
(566, 48, 114, 0, 1432809384, 0),
(567, 49, 114, 0, 1432809384, 0),
(568, 50, 114, 0, 1432809384, 0),
(569, 51, 114, 0, 1432809384, 0),
(570, 52, 114, 0, 1432809384, 0),
(571, 53, 114, 0, 1432809384, 0),
(572, 54, 114, 0, 1432809384, 0),
(573, 55, 114, 0, 1432809384, 0),
(574, 56, 114, 0, 1432809384, 0),
(575, 57, 114, 0, 1432809384, 0),
(576, 58, 114, 0, 1432809384, 0),
(577, 59, 114, 0, 1432809384, 0),
(578, 60, 114, 0, 1432809384, 0),
(579, 61, 114, 0, 1432809384, 0),
(580, 62, 114, 0, 1432809384, 0),
(581, 63, 114, 0, 1432809384, 0),
(582, 64, 114, 0, 1432809384, 0),
(583, 65, 114, 0, 1432809384, 0),
(584, 69, 114, 0, 1432809384, 0),
(585, 70, 114, 0, 1432809384, 0),
(586, 71, 114, 0, 1432809384, 0),
(587, 72, 114, 0, 1432809384, 0),
(588, 73, 114, 0, 1432809384, 0),
(589, 74, 114, 0, 1432809384, 0),
(590, 75, 114, 0, 1432809384, 0),
(591, 76, 114, 0, 1432809384, 0),
(592, 77, 114, 0, 1432809384, 0),
(593, 78, 114, 0, 1432809384, 0),
(594, 79, 114, 0, 1432809384, 0),
(595, 80, 114, 0, 1432809384, 0),
(596, 81, 114, 0, 1432809384, 0),
(597, 82, 114, 0, 1432809384, 0),
(598, 83, 114, 0, 1432809384, 0),
(599, 84, 114, 0, 1432809384, 0),
(600, 85, 114, 0, 1432809384, 0),
(601, 86, 114, 0, 1432809384, 0),
(602, 87, 114, 0, 1432809384, 0),
(603, 88, 114, 0, 1432809384, 0),
(604, 89, 114, 0, 1432809384, 0),
(605, 90, 114, 0, 1432809384, 0),
(606, 91, 114, 0, 1432809384, 0),
(607, 92, 114, 0, 1432809384, 0),
(608, 93, 114, 0, 1432809384, 0),
(609, 94, 114, 0, 1432809384, 0),
(610, 95, 114, 0, 1432809384, 0),
(611, 96, 114, 0, 1432809384, 0),
(612, 97, 114, 0, 1432809384, 0),
(613, 98, 114, 0, 1432809384, 0),
(614, 99, 114, 0, 1432809384, 0),
(615, 100, 114, 0, 1432809384, 0),
(616, 101, 114, 0, 1432809384, 0),
(617, 102, 114, 0, 1432809384, 0),
(618, 103, 114, 0, 1432809384, 0),
(619, 1, 116, 0, 1432809384, 0),
(620, 2, 116, 0, 1432809384, 0),
(621, 3, 116, 0, 1432809384, 0),
(622, 4, 116, 0, 1432809384, 0),
(623, 5, 116, 0, 1432809384, 0),
(624, 6, 116, 0, 1432809384, 0),
(625, 38, 116, 0, 1432809384, 0),
(626, 39, 116, 0, 1432809384, 0),
(627, 66, 116, 0, 1432809384, 0),
(628, 67, 116, 0, 1432809384, 0),
(629, 68, 116, 0, 1432809384, 0),
(630, 7, 116, 0, 1432809384, 0),
(631, 8, 116, 0, 1432809384, 0),
(632, 9, 116, 0, 1432809384, 0),
(633, 10, 116, 0, 1432809384, 0),
(634, 11, 116, 0, 1432809384, 0),
(635, 12, 116, 0, 1432809384, 0),
(636, 13, 116, 0, 1432809384, 0),
(637, 14, 116, 0, 1432809384, 0),
(638, 15, 116, 0, 1432809384, 0),
(639, 16, 116, 0, 1432809384, 0),
(640, 17, 116, 0, 1432809384, 0),
(641, 18, 116, 0, 1432809384, 0),
(642, 19, 116, 0, 1432809384, 0),
(643, 20, 116, 0, 1432809384, 0),
(644, 21, 116, 0, 1432809384, 0),
(645, 22, 116, 0, 1432809384, 0),
(646, 23, 116, 0, 1432809384, 0),
(647, 24, 116, 0, 1432809384, 0),
(648, 25, 116, 0, 1432809384, 0),
(649, 26, 116, 0, 1432809384, 0),
(650, 27, 116, 0, 1432809384, 0),
(651, 28, 116, 0, 1432809384, 0),
(652, 29, 116, 0, 1432809384, 0),
(653, 30, 116, 0, 1432809384, 0),
(654, 31, 116, 0, 1432809384, 0),
(655, 32, 116, 0, 1432809384, 0),
(656, 33, 116, 0, 1432809384, 0),
(657, 34, 116, 0, 1432809384, 0),
(658, 35, 116, 0, 1432809384, 0),
(659, 36, 116, 0, 1432809384, 0),
(660, 37, 116, 0, 1432809384, 0),
(661, 40, 116, 0, 1432809384, 0),
(662, 41, 116, 0, 1432809384, 0),
(663, 42, 116, 0, 1432809384, 0),
(664, 43, 116, 0, 1432809384, 0),
(665, 44, 116, 0, 1432809384, 0),
(666, 45, 116, 0, 1432809384, 0),
(667, 46, 116, 0, 1432809384, 0),
(668, 47, 116, 0, 1432809384, 0),
(669, 48, 116, 0, 1432809384, 0),
(670, 49, 116, 0, 1432809384, 0),
(671, 50, 116, 0, 1432809384, 0),
(672, 51, 116, 0, 1432809384, 0),
(673, 52, 116, 0, 1432809384, 0),
(674, 53, 116, 0, 1432809384, 0),
(675, 54, 116, 0, 1432809384, 0),
(676, 55, 116, 0, 1432809384, 0),
(677, 56, 116, 0, 1432809384, 0),
(678, 57, 116, 0, 1432809384, 0),
(679, 58, 116, 0, 1432809384, 0),
(680, 59, 116, 0, 1432809384, 0),
(681, 60, 116, 0, 1432809384, 0),
(682, 61, 116, 0, 1432809384, 0),
(683, 62, 116, 0, 1432809384, 0),
(684, 63, 116, 0, 1432809384, 0),
(685, 64, 116, 0, 1432809384, 0),
(686, 65, 116, 0, 1432809384, 0),
(687, 69, 116, 0, 1432809384, 0),
(688, 70, 116, 0, 1432809384, 0),
(689, 71, 116, 0, 1432809384, 0),
(690, 72, 116, 0, 1432809384, 0),
(691, 73, 116, 0, 1432809384, 0),
(692, 74, 116, 0, 1432809384, 0),
(693, 75, 116, 0, 1432809384, 0),
(694, 76, 116, 0, 1432809384, 0),
(695, 77, 116, 0, 1432809384, 0),
(696, 78, 116, 0, 1432809384, 0),
(697, 79, 116, 0, 1432809384, 0),
(698, 80, 116, 0, 1432809384, 0),
(699, 81, 116, 0, 1432809384, 0),
(700, 82, 116, 0, 1432809384, 0),
(701, 83, 116, 0, 1432809384, 0),
(702, 84, 116, 0, 1432809384, 0),
(703, 85, 116, 0, 1432809384, 0),
(704, 86, 116, 0, 1432809384, 0),
(705, 87, 116, 0, 1432809384, 0),
(706, 88, 116, 0, 1432809384, 0),
(707, 89, 116, 0, 1432809384, 0),
(708, 90, 116, 0, 1432809384, 0),
(709, 91, 116, 0, 1432809384, 0),
(710, 92, 116, 0, 1432809384, 0),
(711, 93, 116, 0, 1432809384, 0),
(712, 94, 116, 0, 1432809384, 0),
(713, 95, 116, 0, 1432809384, 0),
(714, 96, 116, 0, 1432809384, 0),
(715, 97, 116, 0, 1432809384, 0),
(716, 98, 116, 0, 1432809384, 0),
(717, 99, 116, 0, 1432809384, 0),
(718, 100, 116, 0, 1432809384, 0),
(719, 101, 116, 0, 1432809384, 0),
(720, 102, 116, 0, 1432809384, 0),
(721, 103, 116, 0, 1432809384, 0),
(722, 1, 100, 0, 1432809384, 0),
(723, 2, 100, 0, 1432809384, 0),
(724, 3, 100, 0, 1432809384, 0),
(725, 4, 100, 0, 1432809384, 0),
(726, 5, 100, 0, 1432809384, 0),
(727, 6, 100, 0, 1432809384, 0),
(728, 38, 100, 0, 1432809384, 0),
(729, 39, 100, 0, 1432809384, 0),
(730, 66, 100, 0, 1432809384, 0),
(731, 67, 100, 0, 1432809384, 0),
(732, 68, 100, 0, 1432809384, 0),
(733, 7, 100, 0, 1432809384, 0),
(734, 8, 100, 0, 1432809384, 0),
(735, 9, 100, 0, 1432809384, 0),
(736, 10, 100, 0, 1432809384, 0),
(737, 11, 100, 0, 1432809384, 0),
(738, 12, 100, 0, 1432809384, 0),
(739, 13, 100, 0, 1432809384, 0),
(740, 14, 100, 0, 1432809384, 0),
(741, 15, 100, 0, 1432809384, 0),
(742, 16, 100, 0, 1432809384, 0),
(743, 17, 100, 0, 1432809384, 0),
(744, 18, 100, 0, 1432809384, 0),
(745, 19, 100, 0, 1432809384, 0),
(746, 20, 100, 0, 1432809384, 0),
(747, 21, 100, 0, 1432809384, 0),
(748, 22, 100, 0, 1432809384, 0),
(749, 23, 100, 0, 1432809384, 0),
(750, 24, 100, 0, 1432809384, 0),
(751, 25, 100, 0, 1432809384, 0),
(752, 26, 100, 0, 1432809384, 0),
(753, 27, 100, 0, 1432809384, 0),
(754, 28, 100, 0, 1432809384, 0),
(755, 29, 100, 0, 1432809384, 0),
(756, 30, 100, 0, 1432809384, 0),
(757, 31, 100, 0, 1432809384, 0),
(758, 32, 100, 0, 1432809384, 0),
(759, 33, 100, 0, 1432809384, 0),
(760, 34, 100, 0, 1432809384, 0),
(761, 35, 100, 0, 1432809384, 0),
(762, 36, 100, 0, 1432809384, 0),
(763, 37, 100, 0, 1432809384, 0),
(764, 40, 100, 0, 1432809384, 0),
(765, 41, 100, 0, 1432809384, 0),
(766, 42, 100, 0, 1432809384, 0),
(767, 43, 100, 0, 1432809384, 0),
(768, 44, 100, 0, 1432809384, 0),
(769, 45, 100, 0, 1432809384, 0),
(770, 46, 100, 0, 1432809384, 0),
(771, 47, 100, 0, 1432809384, 0),
(772, 48, 100, 0, 1432809384, 0),
(773, 49, 100, 0, 1432809384, 0),
(774, 50, 100, 0, 1432809384, 0),
(775, 51, 100, 0, 1432809384, 0),
(776, 52, 100, 0, 1432809384, 0),
(777, 53, 100, 0, 1432809384, 0),
(778, 54, 100, 0, 1432809384, 0),
(779, 55, 100, 0, 1432809384, 0),
(780, 56, 100, 0, 1432809384, 0),
(781, 57, 100, 0, 1432809384, 0),
(782, 58, 100, 0, 1432809384, 0),
(783, 59, 100, 0, 1432809384, 0),
(784, 60, 100, 0, 1432809384, 0),
(785, 61, 100, 0, 1432809384, 0),
(786, 62, 100, 0, 1432809384, 0),
(787, 63, 100, 0, 1432809384, 0),
(788, 64, 100, 0, 1432809384, 0),
(789, 65, 100, 0, 1432809384, 0),
(790, 69, 100, 0, 1432809384, 0),
(791, 70, 100, 0, 1432809384, 0),
(792, 71, 100, 0, 1432809384, 0),
(793, 72, 100, 0, 1432809384, 0),
(794, 73, 100, 0, 1432809384, 0),
(795, 74, 100, 0, 1432809384, 0),
(796, 75, 100, 0, 1432809384, 0),
(797, 76, 100, 0, 1432809384, 0),
(798, 77, 100, 0, 1432809384, 0),
(799, 78, 100, 0, 1432809384, 0),
(800, 79, 100, 0, 1432809384, 0),
(801, 80, 100, 0, 1432809384, 0),
(802, 81, 100, 0, 1432809384, 0),
(803, 82, 100, 0, 1432809384, 0),
(804, 83, 100, 0, 1432809384, 0),
(805, 84, 100, 0, 1432809384, 0),
(806, 85, 100, 0, 1432809384, 0),
(807, 86, 100, 0, 1432809384, 0),
(808, 87, 100, 0, 1432809384, 0),
(809, 88, 100, 0, 1432809384, 0),
(810, 89, 100, 0, 1432809384, 0),
(811, 90, 100, 0, 1432809384, 0),
(812, 91, 100, 0, 1432809384, 0),
(813, 92, 100, 0, 1432809384, 0),
(814, 93, 100, 0, 1432809384, 0),
(815, 94, 100, 0, 1432809384, 0),
(816, 95, 100, 0, 1432809384, 0),
(817, 96, 100, 0, 1432809384, 0),
(818, 97, 100, 0, 1432809384, 0),
(819, 98, 100, 0, 1432809384, 0),
(820, 99, 100, 0, 1432809384, 0),
(821, 100, 100, 0, 1432809384, 0),
(822, 101, 100, 0, 1432809384, 0),
(823, 102, 100, 0, 1432809384, 0),
(824, 103, 100, 0, 1432809384, 0);

-- --------------------------------------------------------

--
-- Table structure for table `tbl_languages`
--

CREATE TABLE IF NOT EXISTS `tbl_languages` (
  `id` int(11) unsigned NOT NULL AUTO_INCREMENT,
  `name` varchar(64) NOT NULL,
  `url` varchar(82) NOT NULL,
  `prefix` varchar(8) DEFAULT NULL,
  `default` tinyint(1) DEFAULT '0',
  `status` tinyint(1) NOT NULL DEFAULT '1',
  `is_system` tinyint(1) NOT NULL DEFAULT '0',
  `added` int(11) unsigned NOT NULL,
  `modified` int(11) unsigned NOT NULL,
  PRIMARY KEY (`id`),
  KEY `name` (`name`,`status`)
) ENGINE=MyISAM  DEFAULT CHARSET=utf8 AUTO_INCREMENT=4 ;

--
-- Dumping data for table `tbl_languages`
--

INSERT INTO `tbl_languages` (`id`, `name`, `url`, `prefix`, `default`, `status`, `is_system`, `added`, `modified`) VALUES
(1, 'Indonesia', 'indonesia', 'id', 0, 1, 0, 1425357221, 1429684869),
(2, 'English', 'english', 'en', 1, 1, 1, 1425357221, 1429601522),
(3, 'Saudi Arabia', 'arab', 'sa', 0, 0, 0, 1425357221, 1432768189);

-- --------------------------------------------------------

--
-- Table structure for table `tbl_model_lists`
--

CREATE TABLE IF NOT EXISTS `tbl_model_lists` (
  `id` int(11) unsigned NOT NULL AUTO_INCREMENT,
  `module_id` int(11) NOT NULL,
  `model` varchar(255) NOT NULL,
  PRIMARY KEY (`id`),
  KEY `id` (`id`)
) ENGINE=MyISAM  DEFAULT CHARSET=utf8 AUTO_INCREMENT=15 ;

--
-- Dumping data for table `tbl_model_lists`
--

INSERT INTO `tbl_model_lists` (`id`, `module_id`, `model`) VALUES
(1, 1, 'admin/Users'),
(2, 1, 'admin/UserProfiles'),
(3, 1, 'admin/UserHistories'),
(4, 1, 'admin/ModulePermissions'),
(5, 1, 'admin/UserGroupPermissions'),
(6, 1, 'admin/Languages'),
(7, 1, 'admin/Settings'),
(8, 1, 'admin/ServerLogs'),
(9, 1, 'admin/Sessions'),
(10, 8, 'page/Pages'),
(11, 8, 'page/PageMenus'),
(12, 11, 'product/Products'),
(13, 11, 'product/ProductCategories'),
(14, 11, 'product/ProductRecipes');

-- --------------------------------------------------------

--
-- Table structure for table `tbl_module_lists`
--

CREATE TABLE IF NOT EXISTS `tbl_module_lists` (
  `id` int(11) unsigned NOT NULL AUTO_INCREMENT,
  `parent_id` int(11) NOT NULL,
  `module_name` varchar(255) NOT NULL,
  `module_link` varchar(255) DEFAULT NULL,
  `order` int(11) NOT NULL,
  PRIMARY KEY (`id`),
  KEY `id` (`id`)
) ENGINE=MyISAM  DEFAULT CHARSET=utf8 AUTO_INCREMENT=15 ;

--
-- Dumping data for table `tbl_module_lists`
--

INSERT INTO `tbl_module_lists` (`id`, `parent_id`, `module_name`, `module_link`, `order`) VALUES
(1, 0, 'admin', '#', 0),
(2, 1, 'Dashboard Panel', 'dashboard/index', 0),
(3, 1, 'Users', 'user/index', 1),
(4, 1, 'User Groups', 'usergroup/index', 2),
(5, 1, 'Languages', 'language/index', 3),
(6, 1, 'Settings', 'setting/index', 4),
(7, 1, 'Server Logs', 'serverlog/index', 5),
(8, 0, 'page', '#', 1),
(9, 8, 'Pages', 'page/index', 0),
(10, 8, 'Page Menus', 'pagemenu/index', 1),
(11, 0, 'product', '#', 2),
(12, 11, 'Product', 'product/index', 0),
(13, 11, 'Product Categories', 'product_category/index', 1),
(14, 11, 'Product Recipes', 'product_recipe/index', 2);

-- --------------------------------------------------------

--
-- Table structure for table `tbl_module_permissions`
--

CREATE TABLE IF NOT EXISTS `tbl_module_permissions` (
  `id` int(11) unsigned NOT NULL AUTO_INCREMENT,
  `module_id` int(11) NOT NULL,
  `module_name` varchar(255) NOT NULL,
  `module_link` varchar(255) DEFAULT NULL,
  `order` int(11) NOT NULL,
  PRIMARY KEY (`id`),
  KEY `id` (`id`)
) ENGINE=MyISAM  DEFAULT CHARSET=utf8 AUTO_INCREMENT=104 ;

--
-- Dumping data for table `tbl_module_permissions`
--

INSERT INTO `tbl_module_permissions` (`id`, `module_id`, `module_name`, `module_link`, `order`) VALUES
(1, 1, 'Dashboard Panel', 'dashboard/index', 0),
(2, 1, 'Users', 'user/index', 1),
(3, 1, 'User Groups', 'usergroup/index', 2),
(4, 1, 'Languages', 'language/index', 3),
(5, 1, 'Settings', 'setting/index', 4),
(6, 1, 'Server Logs', 'serverlog/index', 5),
(7, 1, 'Add New Dashboard', 'dashboard/add', 6),
(8, 1, 'View Dashboard', 'dashboard/view', 7),
(9, 1, 'Edit Dashboard', 'dashboard/edit', 8),
(10, 1, 'Delete Dashboard', 'dashboard/delete', 9),
(11, 1, 'Change Dashboard Status', 'dashboard/change', 10),
(12, 1, 'Add User', 'user/add', 11),
(13, 1, 'View User', 'user/view', 12),
(14, 1, 'Edit User', 'user/edit', 13),
(15, 1, 'Delete User', 'user/delete', 14),
(16, 1, 'Change User Status', 'user/change', 15),
(17, 1, 'Change User Image', 'user/image', 16),
(18, 1, 'Upload User Image', 'user/upload', 17),
(19, 1, 'Add User Group', 'usergroup/add', 18),
(20, 1, 'View User Group', 'usergroup/view', 19),
(21, 1, 'Edit User Group', 'usergroup/edit', 20),
(22, 1, 'Delete User Group', 'usergroup/delete', 21),
(23, 1, 'Change User Group Status', 'usergroup/change', 22),
(24, 1, 'Add Language', 'language/add', 23),
(25, 1, 'View Language', 'language/view', 24),
(26, 1, 'Edit Language', 'language/edit', 25),
(27, 1, 'Delete Language', 'language/delete', 26),
(28, 1, 'Change Language Status', 'language/change', 27),
(29, 1, 'Add Setting', 'setting/add', 28),
(30, 1, 'View Setting', 'setting/view', 29),
(31, 1, 'Edit Setting', 'setting/edit', 30),
(32, 1, 'Delete Setting', 'setting/delete', 31),
(33, 1, 'Change Setting Status', 'setting/change', 32),
(34, 1, 'View Server Log', 'serverlog/view', 33),
(35, 1, 'Edit Server Log', 'serverlog/edit', 34),
(36, 1, 'Delete Server Log', 'serverlog/delete', 35),
(37, 1, 'Trash Server Log', 'serverlog/trash', 36),
(38, 8, 'Pages', 'page/index', 0),
(39, 8, 'Page Menus', 'pagemenu/index', 1),
(40, 8, 'Add Page', 'page/index/add', 2),
(41, 8, 'View Page', 'page/index/view', 3),
(42, 8, 'Edit Page', 'page/index/edit', 4),
(43, 8, 'Delete Page', 'page/index/delete', 5),
(44, 8, 'Detail Page', 'page/detail', 6),
(45, 8, 'Translate Page', 'page/translate', 7),
(46, 8, 'Change Page Status', 'page/index/change', 8),
(47, 8, 'Export Page', 'page/index/export', 9),
(48, 8, 'Print Page', 'page/index/print', 10),
(49, 8, 'Gallery', 'page_gallery/index', 11),
(50, 8, 'Add Gallery', 'page_gallery/index/add', 12),
(51, 8, 'View Gallery', 'page_gallery/index/view', 13),
(52, 8, 'Edit Gallery', 'page_gallery/index/edit', 14),
(53, 8, 'Delete Gallery', 'page_gallery/index/delete', 15),
(54, 8, 'Change Gallery', 'page_gallery/index/change', 16),
(55, 8, 'Export Gallery', 'page_gallery/index/export', 17),
(56, 8, 'Print Gallery', 'page_gallery/index/print', 18),
(57, 8, 'Add Page Menu', 'pagemenu/index/add', 19),
(58, 8, 'View Page Menu', 'pagemenu/index/view', 20),
(59, 8, 'Edit Page Menu', 'pagemenu/index/edit', 21),
(60, 8, 'Delete Page Menu', 'pagemenu/index/delete', 22),
(61, 8, 'Detail Page Menu', 'pagemenu/detail', 23),
(62, 8, 'Translate Page Menu', 'pagemenu/translate', 24),
(63, 8, 'Change Page Menu Status', 'pagemenu/index/change', 25),
(64, 8, 'Export Page Menu', 'pagemenu/index/export', 26),
(65, 8, 'Print Page Menu', 'pagemenu/index/print', 27),
(66, 11, 'Product', 'product/index', 0),
(67, 11, 'Product Categories', 'product_category/index', 1),
(68, 11, 'Product Recipes', 'product_recipe/index', 2),
(69, 11, 'Add Product', 'product/index/add', 3),
(70, 11, 'View Product', 'product/index/view', 4),
(71, 11, 'Edit Product', 'product/index/edit', 5),
(72, 11, 'Delete Product', 'product/index/delete', 6),
(73, 11, 'Detail Product', 'product/detail', 7),
(74, 11, 'Translate Product', 'product/translate', 8),
(75, 11, 'Change Product Status', 'product/index/change', 9),
(76, 11, 'Export Product', 'product/index/export', 10),
(77, 11, 'Print Product', 'product/index/print', 11),
(78, 11, 'Gallery', 'product_gallery/index', 12),
(79, 11, 'Add Gallery', 'product_gallery/index/add', 13),
(80, 11, 'View Gallery', 'product_gallery/index/view', 14),
(81, 11, 'Edit Gallery', 'product_gallery/index/edit', 15),
(82, 11, 'Delete Gallery', 'product_gallery/index/delete', 16),
(83, 11, 'Change Gallery', 'product_gallery/index/change', 17),
(84, 11, 'Export Gallery', 'product_gallery/index/export', 18),
(85, 11, 'Print Gallery', 'product_gallery/index/print', 19),
(86, 11, 'Add Category', 'product_category/index/add', 20),
(87, 11, 'View Category', 'product_category/index/view', 21),
(88, 11, 'Edit Category', 'product_category/index/edit', 22),
(89, 11, 'Delete Category', 'product_category/index/delete', 23),
(90, 11, 'Detail Category', 'product_category/detail', 24),
(91, 11, 'Translate Category', 'product_category/translate', 25),
(92, 11, 'Change Category Status', 'product_category/index/change', 26),
(93, 11, 'Export Category', 'product_category/index/export', 27),
(94, 11, 'Print Category', 'product_category/index/print', 28),
(95, 11, 'Add Recipe', 'product_recipe/index/add', 29),
(96, 11, 'View Recipe', 'product_recipe/index/view', 30),
(97, 11, 'Edit Recipe', 'product_recipe/index/edit', 31),
(98, 11, 'Delete Recipe', 'product_recipe/index/delete', 32),
(99, 11, 'Detail Recipe', 'product_recipe/detail', 33),
(100, 11, 'Translate Recipe', 'product_recipe/translate', 34),
(101, 11, 'Change Recipe Status', 'product_recipe/index/change', 35),
(102, 11, 'Export Recipe', 'product_recipe/index/export', 36),
(103, 11, 'Print Recipe', 'product_recipe/index/print', 37);

-- --------------------------------------------------------

--
-- Table structure for table `tbl_pages`
--

CREATE TABLE IF NOT EXISTS `tbl_pages` (
  `id` int(11) unsigned NOT NULL AUTO_INCREMENT,
  `menu_id` int(11) unsigned DEFAULT NULL,
  `name` varchar(255) DEFAULT NULL,
  `subject` varchar(255) DEFAULT NULL,
  `url` varchar(255) NOT NULL,
  `synopsis` text,
  `text` text,
  `media` varchar(255) DEFAULT NULL,
  `attribute` text,
  `publish_date` date DEFAULT NULL,
  `unpublish_date` date DEFAULT NULL,
  `allow_comment` tinyint(1) DEFAULT NULL,
  `tags` text,
  `order` tinyint(3) DEFAULT NULL,
  `user_id` tinyint(3) DEFAULT NULL,
  `count` int(11) DEFAULT NULL,
  `status` enum('publish','unpublish','deleted') DEFAULT 'publish',
  `added` int(11) DEFAULT NULL,
  `modified` int(11) DEFAULT NULL,
  PRIMARY KEY (`id`),
  KEY `category_id` (`menu_id`,`name`,`publish_date`,`unpublish_date`,`allow_comment`,`order`)
) ENGINE=MyISAM  DEFAULT CHARSET=utf8 AUTO_INCREMENT=15 ;

--
-- Dumping data for table `tbl_pages`
--

INSERT INTO `tbl_pages` (`id`, `menu_id`, `name`, `subject`, `url`, `synopsis`, `text`, `media`, `attribute`, `publish_date`, `unpublish_date`, `allow_comment`, `tags`, `order`, `user_id`, `count`, `status`, `added`, `modified`) VALUES
(1, 1, '', 'Kewpie is now present in Indonesia!', 'kewpie-is-now-present-in-indonesia', '<p>\n	Lorem ipsum dolor sit amet, consectetur adipiscing elit. Aenean at faucibus enim. Sed vel tempor elit, nec eleifend justo. Nullam varius a tortor quis imperdiet. Vivamus ac faucibus nulla. Vestibulum gravida ultricies magna,</p>\n', '<p>\n	Kewpie is now present in Indonesia. Lorem Ipsum is simply dummy text of the printing and typesetting industry. Lorem Ipsum has been the industry&#39;s standard dummy text ever since the 1500s, when an unknown printer took a galley of type and scrambled it to make a type specimen book. It has survived not only five centuries, but also the leap into electronic typesetting, remaining essentially unchanged. It was popularised in the 1960s with the release of Letraset sheets containing Lorem Ipsum passages, and more recently with desktop publishing software like Aldus PageMaker including versions of Lorem Ipsum.</p>\n', NULL, NULL, '2015-02-13', '2015-02-28', 1, NULL, NULL, NULL, NULL, 'publish', NULL, 1432744153),
(12, 3, NULL, 'KEWPIE Mayonnaise Origins', 'kewpie-mayonnaise-origins', '<p class="food-service-text">\n	It is said that mayonnaise was accidentally created by Duke de Richelieu&#39;s French chef in the mid 18th century. Instead of using cream, the chef used oil and eggs when making the Duke&#39;s victory feast. He was so pleased with the creation that it was named &quot;Mahonnaise&quot; in honour of the Duke&#39;s defeat of the British at the Port of Mahon, Menorca.</p>\n', '<p class="food-service-text">\n	It is said that mayonnaise was accidentally created by Duke de Richelieu&#39;s French chef in the mid 18th century. Instead of using cream, the chef used oil and eggs when making the Duke&#39;s victory feast. He was so pleased with the creation that it was named &quot;Mahonnaise&quot; in honour of the Duke&#39;s defeat of the British at the Port of Mahon, Menorca.</p>\n<p class="food-service-text">\n	Mr Nakashima Toichiro (founder of KEWPIE Corporation) learned about mayonnaise 160 years later when he travelled to the United States to learn about canned food. Back then, Americans often ate vegetables with dressings that contained mayonnaise. Mr Nakashima then returned to Japan to develop a nutritious mayonnaise that was high in egg yolk content, eventually selling the western condiment to Japan in 1925. KEWPIE Mayonnaise would then go on to capture the hearts of mayonnaise lovers all around the world.</p>\n', 'a0b57-isi-mayonaise.jpg', NULL, NULL, NULL, NULL, NULL, NULL, NULL, NULL, 'publish', 1432767310, 1432814938),
(14, 3, NULL, 'Packaging & Storage', 'packaging-storage', '<p>\n	Packaging &amp; Storage</p>\n', '<p>\n	Packaging &amp; Storage</p>\n', NULL, NULL, NULL, NULL, NULL, NULL, NULL, NULL, NULL, 'publish', 1432789056, NULL),
(13, 3, NULL, 'Whats In Our Mayonnaise', 'whats-in-our-mayonnaise', '<p>\n	What&rsquo;s In Our Mayonnaise</p>\n', 'Whats In Our Mayonnaise\n', NULL, NULL, NULL, NULL, NULL, NULL, NULL, NULL, NULL, 'publish', 1432767782, 1432787291);

-- --------------------------------------------------------

--
-- Table structure for table `tbl_page_images`
--

CREATE TABLE IF NOT EXISTS `tbl_page_images` (
  `id` int(11) unsigned NOT NULL AUTO_INCREMENT,
  `field_id` int(11) unsigned DEFAULT NULL,
  `url` varchar(255) DEFAULT NULL,
  `title` varchar(255) DEFAULT NULL,
  `file_name` text,
  `priority` int(11) DEFAULT NULL,
  `count` int(11) DEFAULT NULL,
  `status` tinyint(1) DEFAULT '1',
  `added` int(11) DEFAULT NULL,
  `modified` int(11) DEFAULT NULL,
  PRIMARY KEY (`id`),
  KEY `conference_id` (`field_id`,`url`)
) ENGINE=MyISAM  DEFAULT CHARSET=utf8 AUTO_INCREMENT=78 ;

--
-- Dumping data for table `tbl_page_images`
--

INSERT INTO `tbl_page_images` (`id`, `field_id`, `url`, `title`, `file_name`, `priority`, `count`, `status`, `added`, `modified`) VALUES
(76, 1, NULL, NULL, '7fbc4-bg-footer.jpg', NULL, NULL, 1, NULL, NULL),
(75, 1, NULL, NULL, '3354e-bg-main-kewpie.jpg', NULL, NULL, 1, NULL, NULL),
(77, 1, NULL, NULL, '28e57-tentang-1.jpg', NULL, NULL, 1, NULL, NULL);

-- --------------------------------------------------------

--
-- Table structure for table `tbl_page_menus`
--

CREATE TABLE IF NOT EXISTS `tbl_page_menus` (
  `id` int(11) unsigned NOT NULL AUTO_INCREMENT,
  `parent_id` int(11) unsigned DEFAULT NULL,
  `type` enum('page','product','recipe','news') DEFAULT NULL,
  `name` varchar(128) DEFAULT NULL,
  `subject` varchar(255) DEFAULT NULL,
  `text` text,
  `url` varchar(255) DEFAULT NULL,
  `media` varchar(255) DEFAULT NULL,
  `position` varchar(255) DEFAULT NULL,
  `sub_level` tinyint(3) DEFAULT NULL,
  `order` tinyint(3) DEFAULT NULL,
  `is_system` tinyint(3) DEFAULT NULL,
  `has_child` tinyint(3) DEFAULT NULL,
  `user_id` tinyint(3) DEFAULT NULL,
  `count` int(11) DEFAULT NULL,
  `status` enum('publish','unpublish','deleted') DEFAULT 'publish',
  `added` int(11) DEFAULT NULL,
  `modified` int(11) DEFAULT NULL,
  PRIMARY KEY (`id`),
  KEY `parent_id` (`parent_id`,`name`,`sub_level`,`order`,`status`)
) ENGINE=MyISAM  DEFAULT CHARSET=utf8 AUTO_INCREMENT=7 ;

--
-- Dumping data for table `tbl_page_menus`
--

INSERT INTO `tbl_page_menus` (`id`, `parent_id`, `type`, `name`, `subject`, `text`, `url`, `media`, `position`, `sub_level`, `order`, `is_system`, `has_child`, `user_id`, `count`, `status`, `added`, `modified`) VALUES
(2, NULL, 'product', NULL, 'Our Product', '<p>\n	Products PT. Kewpie INDONESIA obtain Halal certification and NKV, and begin product sales for Food Service.</p>\n', 'our-product', '', 'top', NULL, NULL, NULL, NULL, NULL, NULL, 'publish', NULL, 1432757330),
(3, NULL, 'page', NULL, 'Inside KEWPIE', '<h2>\n	KEWPIE Indonesia</h2>\n<p>\n	<br />\n	PT. Kewpie INDONESIA established in 2013 and started the first sales specialized Food Service in October 2014. With the halal certificate and NKV, Kewpie Indonesia providing halal food products, safe and quality for the people of Indonesia.</p>\n<h2>\n	<br />\n	Company Timeline</h2>\n<p>\n	<strong>1919</strong><br />\n	<br />\n	Shokuhin Kogyo Co., Ltd., the beginning of what is now called Kewpie Corporation stands at Otaki-cho, Nakano-ku, Tokyo and started producing and processing a wide range of food products.<br />\n	<br />\n	<strong>1925</strong><br />\n	<br />\n	Kewpie Mayonnaise sales began. Kewpie mayonnaise sold in a glass jar packaging weighing 100 grams and 128 grams, and is mayonaiss in the first jar packaging in Japan.<br />\n	<br />\n	<strong>1957</strong><br />\n	<br />\n	Company renamed Kewpie Corporation, in accordance with mayonnaise brand names that are well known.<br />\n	<br />\n	<strong>2013</strong><br />\n	<br />\n	PT. Kewpie INDONESIA stand.<br />\n	<br />\n	<strong>2014</strong><br />\n	<br />\n	Products PT. Kewpie INDONESIA obtain Halal certification and NKV, and begin product sales for Food Service.<br />\n	<br />\n	<strong>2015</strong><br />\n	<br />\n	Sales of retail products PT. Kewpie INDONESIA begins.</p>\n<h2>\n	Halal certification and NKV</h2>\n<p>\n	All products are certified kosher Kewpie Indonesia officially issued by MUI LPPOM. The products are made from egg has officially NKV.</p>\n<p>\n	&nbsp;</p>\n<p>\n	&nbsp;</p>\n<p>\n	&nbsp;</p>\n<p>\n	&nbsp;</p>\n<p>\n	&nbsp;</p>\n<p>\n	&nbsp;</p>\n', 'inside-kewpie', 'd20d8-kewpie-factory.png', 'top', NULL, NULL, NULL, NULL, NULL, NULL, 'publish', NULL, 1432815147),
(4, NULL, 'recipe', NULL, 'Recipes', '<p>\n	Recipes Page Menu Description</p>\n', 'recipes', NULL, 'top', NULL, NULL, NULL, NULL, NULL, NULL, 'publish', 1432635063, 1432757350),
(5, NULL, 'page', NULL, 'Who are we', '<p>\n	Who are we description</p>\n', 'who-are-we', NULL, 'top', NULL, NULL, NULL, NULL, NULL, NULL, 'publish', 1432635116, 1432757359),
(6, NULL, 'news', NULL, 'Latest News', '<p>\n	Latest News menu description</p>\n', 'latest-news', NULL, 'top', NULL, NULL, NULL, NULL, NULL, NULL, 'publish', 1432635133, 1432757369),
(1, NULL, NULL, NULL, 'Home', '<p>\n	Home Page Description</p>\n', 'home', NULL, 'top', NULL, NULL, NULL, NULL, NULL, NULL, 'publish', NULL, 1432711581);

-- --------------------------------------------------------

--
-- Table structure for table `tbl_page_menu_images`
--

CREATE TABLE IF NOT EXISTS `tbl_page_menu_images` (
  `id` int(11) unsigned NOT NULL AUTO_INCREMENT,
  `field_id` int(11) unsigned DEFAULT NULL,
  `url` varchar(255) DEFAULT NULL,
  `title` varchar(255) DEFAULT NULL,
  `file_name` text,
  `priority` int(11) DEFAULT NULL,
  `count` int(11) DEFAULT NULL,
  `status` tinyint(1) DEFAULT '1',
  `added` int(11) DEFAULT NULL,
  `modified` int(11) DEFAULT NULL,
  PRIMARY KEY (`id`),
  KEY `conference_id` (`field_id`,`url`)
) ENGINE=MyISAM DEFAULT CHARSET=utf8 AUTO_INCREMENT=1 ;

-- --------------------------------------------------------

--
-- Table structure for table `tbl_products`
--

CREATE TABLE IF NOT EXISTS `tbl_products` (
  `id` int(11) unsigned NOT NULL AUTO_INCREMENT,
  `category_id` int(11) unsigned DEFAULT NULL,
  `name` varchar(255) DEFAULT NULL,
  `subject` varchar(255) DEFAULT NULL,
  `url` varchar(255) DEFAULT NULL,
  `synopsis` text,
  `text` text,
  `media` varchar(255) DEFAULT NULL,
  `attribute` text,
  `allow_comment` tinyint(1) DEFAULT NULL,
  `tags` text,
  `order` tinyint(3) DEFAULT NULL,
  `user_id` tinyint(3) DEFAULT NULL,
  `count` int(11) DEFAULT NULL,
  `status` enum('publish','unpublish','deleted') DEFAULT 'publish',
  `added` int(11) DEFAULT NULL,
  `modified` int(11) DEFAULT NULL,
  PRIMARY KEY (`id`),
  KEY `category_id` (`category_id`,`name`,`allow_comment`,`order`)
) ENGINE=MyISAM  DEFAULT CHARSET=utf8 AUTO_INCREMENT=19 ;

--
-- Dumping data for table `tbl_products`
--

INSERT INTO `tbl_products` (`id`, `category_id`, `name`, `subject`, `url`, `synopsis`, `text`, `media`, `attribute`, `allow_comment`, `tags`, `order`, `user_id`, `count`, `status`, `added`, `modified`) VALUES
(1, 1, NULL, 'Japanese Style', 'japanese-style', '<p>\n	Japanese Style</p>\n', '<p>\n	Japanese Style</p>\n', 'cb1b6-bg-list-resep.jpg', NULL, NULL, NULL, NULL, NULL, NULL, 'unpublish', 1432736374, 1432809047),
(2, 1, NULL, 'Mild Type', 'mild-type', '<p>\n	Mild Type</p>\n', '<p>\n	Mild Type</p>\n', NULL, NULL, NULL, NULL, NULL, NULL, NULL, 'unpublish', 1432736461, 1432737875),
(3, 1, NULL, 'Half Salad Dressing', 'half-salad-dressing', '<p>\n	Half Salad Dressing</p>\n', '<p>\n	Half Salad Dressing</p>\n', NULL, NULL, NULL, NULL, NULL, NULL, NULL, 'unpublish', 1432736506, 1432737884),
(4, 1, NULL, 'Mayo Sauce', 'mayo-sauce', '<p>\n	Mayo Sauce</p>\n', '<p>\n	Mayo Sauce</p>\n', NULL, NULL, NULL, NULL, NULL, NULL, NULL, 'unpublish', 1432736525, 1432737901),
(5, 2, NULL, 'Sesame Soy Sauce', 'sesame-soy-sauce', '<p>\n	Sesame Soy Sauce</p>\n', '<p>\n	Sesame Soy Sauce</p>\n', NULL, NULL, NULL, NULL, NULL, NULL, NULL, 'unpublish', 1432736561, NULL),
(6, 2, NULL, 'Roasted Sesame', 'roasted-sesame', '<p>\n	Roasted Sesame</p>\n', '<p>\n	Roasted Sesame</p>\n', NULL, NULL, NULL, NULL, NULL, NULL, NULL, 'unpublish', 1432736577, 1432737981),
(7, 2, NULL, 'Wasabi Taste', 'wasabi-taste', '<p>\n	Wasabi Taste</p>\n', '<p>\n	Wasabi Taste</p>\n', NULL, NULL, NULL, NULL, NULL, NULL, NULL, 'unpublish', 1432736599, 1432737975),
(8, 2, NULL, 'Caesar', 'caesar', '<p>\n	Caesar</p>\n', '<p>\n	Caesar</p>\n', NULL, NULL, NULL, NULL, NULL, NULL, NULL, 'unpublish', 1432736638, 1432737964),
(9, 2, NULL, 'Hot Spicy', 'hot-spicy', '<p>\n	Hot Spicy</p>\n', '<p>\n	Hot Spicy</p>\n', NULL, NULL, NULL, NULL, NULL, NULL, NULL, 'unpublish', 1432736661, NULL),
(10, 3, NULL, 'Original', 'original', '<p>\n	Original</p>\n', '<p>\n	Original</p>\n', NULL, NULL, NULL, NULL, NULL, NULL, NULL, 'unpublish', 1432736680, NULL),
(11, 3, NULL, 'Spicy Black Pepper', 'spicy-black-pepper', '<p>\n	Spicy Black Pepper</p>\n', '<p>\n	Spicy Black Pepper</p>\n', NULL, NULL, NULL, NULL, NULL, NULL, NULL, 'unpublish', 1432736698, 1432737960),
(12, 3, NULL, 'Cheesy Cheese', 'cheesy-cheese', '<p>\n	Cheesy Cheese</p>\n', '<p>\n	Cheesy Cheese</p>\n', NULL, NULL, NULL, NULL, NULL, NULL, NULL, 'unpublish', 1432736716, 1432737945),
(13, 4, NULL, 'Commercial Products', 'commercial-products', '<p>\n	Commercial Products</p>\n', '<p>\n	Commercial Products</p>\n', '38222-food-service-thumb.png', NULL, NULL, NULL, NULL, NULL, NULL, 'unpublish', 1432736779, 1432806111),
(14, 1, NULL, 'Mayonnaise', 'mayonnaise', '<p>\n	Kewpie Original Mayonnaise</p>\n', '<p>\n	Kewpie Original Mayonnaise</p>\n', '7a24e-mayonais.png', NULL, NULL, NULL, NULL, NULL, NULL, 'publish', 1432737543, 1432738228),
(15, 3, NULL, 'Oyster Sauce', 'oyster-sauce', '<p>\n	Oyster Sauce</p>\n', '<p>\n	Oyster Sauce</p>\n', '3e335-saus-tiram.png', NULL, NULL, NULL, NULL, NULL, NULL, 'publish', 1432737703, NULL),
(16, 3, NULL, 'Sandwich Spread', 'sandwich-spread', '<p>\n	Sandwich Spread</p>\n', '<p>\n	Sandwich Spread</p>\n', '42838-olesan-sandwich.png', NULL, NULL, NULL, NULL, NULL, NULL, 'publish', 1432737769, NULL),
(17, 3, NULL, 'Sweet Sauce', 'sweet-sauce', '<p>\n	Sweet Sauce</p>\n', '<p>\n	Sweet Sauce</p>\n', 'eaff0-saus-manis.png', NULL, NULL, NULL, NULL, NULL, NULL, 'publish', 1432737812, NULL),
(18, 4, NULL, 'Versatile Kewpie Mayo', 'versatile-kewpie-mayo', NULL, '<p>\n	We provide products that are tailored to the needs of food service or food business. Consisting of Mayonnaise, Dressing and Cooking Sauce, we can support the creation of quality food in your business. Further information (click, move to another page)</p>\n', '2d420-item-service.png', '<div class="panel panel-primary" style="border: none;">\n	<div class="controle-header panel-heading panel-heading-landing">\n		<h3 class="panel-title panel-title-landing">\n			Average Composition Per 25ml</h3>\n	</div>\n	<!-- <div class="controle-panel-heading panel-heading panel-heading-landing-box">\n                                                    Best Choice\n                                                </div> -->\n	<div class="panel-body panel-body-landing">\n		<table class="table">\n			<tbody>\n				<tr>\n					<td>\n						Energy (kcal)</td>\n					<td width="50px">\n						90</td>\n				</tr>\n				<tr>\n					<td>\n						Protein (g)</td>\n					<td width="50px">\n						90</td>\n				</tr>\n				<tr>\n					<td>\n						Fat (g)</td>\n					<td width="50px">\n						90</td>\n				</tr>\n				<tr>\n					<td>\n						Carbohidrate (g)</td>\n					<td width="50px">\n						90</td>\n				</tr>\n			</tbody>\n		</table>\n	</div>\n	<div class="panel-footer panel-footer-landing">\n		<a class="btn btn-price btn-danger" href="#">Recipe</a></div>\n</div>\n<p>\n	&nbsp;</p>\n', NULL, NULL, NULL, NULL, NULL, 'publish', 1432801428, 1432806548);

-- --------------------------------------------------------

--
-- Table structure for table `tbl_product_categories`
--

CREATE TABLE IF NOT EXISTS `tbl_product_categories` (
  `id` int(11) unsigned NOT NULL AUTO_INCREMENT,
  `parent_id` int(11) unsigned DEFAULT NULL,
  `name` varchar(128) DEFAULT NULL,
  `subject` varchar(255) DEFAULT NULL,
  `text` text,
  `url` varchar(255) DEFAULT NULL,
  `media` varchar(255) DEFAULT NULL,
  `cover` varchar(255) DEFAULT NULL,
  `position` varchar(255) DEFAULT NULL,
  `sub_level` tinyint(3) DEFAULT NULL,
  `order` tinyint(3) DEFAULT NULL,
  `is_system` tinyint(3) DEFAULT NULL,
  `has_child` tinyint(3) DEFAULT NULL,
  `user_id` tinyint(3) DEFAULT NULL,
  `count` int(11) DEFAULT NULL,
  `status` enum('publish','unpublish','deleted') DEFAULT 'publish',
  `added` int(11) DEFAULT NULL,
  `modified` int(11) DEFAULT NULL,
  PRIMARY KEY (`id`),
  KEY `parent_id` (`parent_id`,`name`,`sub_level`,`order`,`status`)
) ENGINE=MyISAM  DEFAULT CHARSET=utf8 AUTO_INCREMENT=5 ;

--
-- Dumping data for table `tbl_product_categories`
--

INSERT INTO `tbl_product_categories` (`id`, `parent_id`, `name`, `subject`, `text`, `url`, `media`, `cover`, `position`, `sub_level`, `order`, `is_system`, `has_child`, `user_id`, `count`, `status`, `added`, `modified`) VALUES
(1, NULL, NULL, 'Mayonnaise', '<p>\n	Mayonnaise</p>\n', 'mayonnaise', NULL, NULL, 'top', NULL, NULL, NULL, NULL, NULL, NULL, 'publish', 1432736197, NULL),
(2, NULL, NULL, 'Dressings', '<p>\n	Dressings</p>\n', 'dressings', NULL, NULL, 'top', NULL, NULL, NULL, NULL, NULL, NULL, 'publish', 1432736235, NULL),
(3, NULL, NULL, 'Spreads ', '<p>\n	Spreads</p>\n', 'spreads', NULL, NULL, 'top', NULL, NULL, NULL, NULL, NULL, NULL, 'publish', 1432736254, NULL),
(4, NULL, NULL, 'Food Services', '<p>\n	Lorem ipsum dolor sit amet, consectetur adipiscing elit. Aenean at faucibus enim. Sed vel tempor elit, nec eleifend justo. Nullam varius a tortor quis imperdiet. Vivamus ac faucibus nulla. Vestibulum gravida ultricies magna,</p>\n', 'food-services', '7a272-food-service-thumb.png', NULL, 'top', NULL, NULL, NULL, NULL, NULL, NULL, 'publish', 1432736266, 1432802457);

-- --------------------------------------------------------

--
-- Table structure for table `tbl_product_images`
--

CREATE TABLE IF NOT EXISTS `tbl_product_images` (
  `id` int(11) unsigned NOT NULL AUTO_INCREMENT,
  `field_id` int(11) unsigned DEFAULT NULL,
  `url` varchar(255) DEFAULT NULL,
  `title` varchar(255) DEFAULT NULL,
  `file_name` text,
  `priority` int(11) DEFAULT NULL,
  `count` int(11) DEFAULT NULL,
  `status` tinyint(1) DEFAULT '1',
  `added` int(11) DEFAULT NULL,
  `modified` int(11) DEFAULT NULL,
  PRIMARY KEY (`id`),
  KEY `conference_id` (`field_id`,`url`)
) ENGINE=MyISAM DEFAULT CHARSET=utf8 AUTO_INCREMENT=1 ;

-- --------------------------------------------------------

--
-- Table structure for table `tbl_product_recipes`
--

CREATE TABLE IF NOT EXISTS `tbl_product_recipes` (
  `id` int(11) unsigned NOT NULL AUTO_INCREMENT,
  `product_id` int(11) unsigned DEFAULT NULL,
  `name` varchar(255) DEFAULT NULL,
  `subject` varchar(255) DEFAULT NULL,
  `url` varchar(255) DEFAULT NULL,
  `synopsis` text,
  `text` text,
  `media` varchar(255) DEFAULT NULL,
  `attribute` text,
  `allow_comment` tinyint(1) DEFAULT NULL,
  `favorited` enum('yes','no') NOT NULL,
  `tags` text,
  `order` tinyint(3) DEFAULT NULL,
  `user_id` tinyint(3) DEFAULT NULL,
  `count` int(11) DEFAULT NULL,
  `status` enum('publish','unpublish','deleted') DEFAULT 'publish',
  `added` int(11) DEFAULT NULL,
  `modified` int(11) DEFAULT NULL,
  PRIMARY KEY (`id`),
  KEY `product_id` (`product_id`,`name`,`allow_comment`,`order`)
) ENGINE=MyISAM  DEFAULT CHARSET=utf8 AUTO_INCREMENT=6 ;

--
-- Dumping data for table `tbl_product_recipes`
--

INSERT INTO `tbl_product_recipes` (`id`, `product_id`, `name`, `subject`, `url`, `synopsis`, `text`, `media`, `attribute`, `allow_comment`, `favorited`, `tags`, `order`, `user_id`, `count`, `status`, `added`, `modified`) VALUES
(1, 14, NULL, 'KEWPIE Potato Salad', 'kewpie-potato-salad', '<p class="bodyText_Type_Color" itemprop="description" style="font-size: 14px; line-height: 17px;">\n	If you&rsquo;re a fan of mayonnaise, this salad is a must-try recipe.<br />\n	But don&rsquo;t forget to use it with KEWPIE MAYONNAISE</p>\n<p class="bodyText_Type_Color" style="font-size: 14px; line-height: 17px;">\n	JAPANESE STYLE for that extra tasty, unique flavour.</p>\n', '<p class="bodyText_Type_Color" itemprop="description" style="font-size: 14px; line-height: 17px;">\n	If you&rsquo;re a fan of mayonnaise, this salad is a must-try recipe.<br />\n	But don&rsquo;t forget to use it with KEWPIE MAYONNAISE</p>\n<p class="bodyText_Type_Color" style="font-size: 14px; line-height: 17px;">\n	JAPANESE STYLE for that extra tasty, unique flavour.</p>\n', '0c330-pizza.jpg', NULL, NULL, 'no', NULL, NULL, NULL, NULL, 'publish', 1432737062, 1432821602),
(2, 14, NULL, 'Kewpie Home Food', 'kewpie-home-food', '<p>\n	Kewpie Home Food</p>\n', '<p>\n	Kewpie Home Food</p>\n', 'caa32-pizza.jpg', NULL, NULL, 'no', NULL, NULL, NULL, NULL, 'publish', 1432809110, 1432821723),
(3, 1, NULL, 'Home Food Ala Japan', 'home-food-ala-japan', '<p>\n	Home Food Ala Japan</p>\n', '<p>\n	Home Food Ala Japan</p>\n', '45f97-resep-sayuran.jpg', NULL, NULL, 'yes', NULL, NULL, NULL, NULL, 'publish', 1432809399, 1432818772),
(4, 16, NULL, 'KEWPIE Mini Pepperoni Pizzas', 'kewpie-mini-pepperoni-pizzas', NULL, '<p>\n	Enjoy these home-made mini pizzas by preparing a few simple ingredients before baking them in your toaster oven. This recipe uses pepperoni slices and KEWPIE SANDWICH SPREAD SPICY BLACK PEPPER</p>\n', 'a986e-pizza.jpg', NULL, NULL, 'yes', NULL, NULL, NULL, NULL, 'publish', 1432818546, NULL),
(5, 14, NULL, 'Fried Rice Ala Kewpie', 'fried-rice-ala-kewpie', NULL, '<p>\n	Fried Rice Ala Kewpie</p>\n', 'ea19d-pizza.jpg', NULL, NULL, 'no', NULL, NULL, NULL, NULL, 'publish', 1432821748, 1432822965);

-- --------------------------------------------------------

--
-- Table structure for table `tbl_server_logs`
--

CREATE TABLE IF NOT EXISTS `tbl_server_logs` (
  `id` int(11) unsigned NOT NULL AUTO_INCREMENT,
  `session_id` varchar(64) DEFAULT NULL,
  `url` varchar(255) DEFAULT NULL,
  `user_id` int(11) unsigned DEFAULT NULL,
  `http_code` int(11) unsigned NOT NULL,
  `status_code` varchar(160) DEFAULT NULL,
  `bytes_served` int(11) unsigned DEFAULT NULL,
  `total_time` varchar(160) DEFAULT NULL,
  `ip_address` varchar(45) DEFAULT '0',
  `referrer` varchar(255) DEFAULT NULL,
  `user_agent` varchar(255) DEFAULT NULL,
  `is_mobile` int(11) DEFAULT NULL,
  `status` int(1) unsigned NOT NULL,
  `added` int(11) unsigned NOT NULL,
  `modified` int(11) unsigned NOT NULL,
  PRIMARY KEY (`id`),
  KEY `url` (`url`,`user_id`)
) ENGINE=MyISAM  DEFAULT CHARSET=utf8 AUTO_INCREMENT=254 ;

--
-- Dumping data for table `tbl_server_logs`
--

INSERT INTO `tbl_server_logs` (`id`, `session_id`, `url`, `user_id`, `http_code`, `status_code`, `bytes_served`, `total_time`, `ip_address`, `referrer`, `user_agent`, `is_mobile`, `status`, `added`, `modified`) VALUES
(1, 'b51c6db498c1fcd1018a9d212f7248df', 'http://localhost/dentsu.digital/home/menu', NULL, 200, 'OK', NULL, '0.68937200 1429252025', '139.0.26.20', '', '{"user_agent":"Mozilla\\/5.0 (Windows NT 6.1; WOW64; rv:37.0) Gecko\\/20100101 Firefox\\/37.0","platform":"Unknown Windows OS","browser":"Firefox"}', 0, 1, 1429252026, 0),
(2, 'b51c6db498c1fcd1018a9d212f7248df', 'http://localhost/dentsu.digital/home', NULL, 200, 'OK', NULL, '0.41274400 1429252029', '139.0.26.20', '', '{"user_agent":"Mozilla\\/5.0 (Windows NT 6.1; WOW64; rv:37.0) Gecko\\/20100101 Firefox\\/37.0","platform":"Unknown Windows OS","browser":"Firefox"}', 0, 1, 1429252029, 0),
(3, 'b51c6db498c1fcd1018a9d212f7248df', 'http://localhost/dentsu.digital/home/page', NULL, 200, 'OK', NULL, '0.73427600 1429252034', '139.0.26.20', '', '{"user_agent":"Mozilla\\/5.0 (Windows NT 6.1; WOW64; rv:37.0) Gecko\\/20100101 Firefox\\/37.0","platform":"Unknown Windows OS","browser":"Firefox"}', 0, 1, 1429252034, 0),
(4, '32856c45123d7612a07945654916953e', 'http://localhost/dentsu.digital/home/page', NULL, 200, 'OK', NULL, '0.33932300 1429252915', '139.0.26.20', '', '{"user_agent":"Mozilla\\/5.0 (Windows NT 6.1; WOW64; rv:37.0) Gecko\\/20100101 Firefox\\/37.0","platform":"Unknown Windows OS","browser":"Firefox"}', 0, 1, 1429252915, 0),
(5, '32856c45123d7612a07945654916953e', 'http://localhost/dentsu.digital/home/page', NULL, 200, 'OK', NULL, '0.59844900 1429252936', '139.0.26.20', '', '{"user_agent":"Mozilla\\/5.0 (Windows NT 6.1; WOW64; rv:37.0) Gecko\\/20100101 Firefox\\/37.0","platform":"Unknown Windows OS","browser":"Firefox"}', 0, 1, 1429252936, 0),
(6, '32856c45123d7612a07945654916953e', 'http://localhost/dentsu.digital/home/page', NULL, 200, 'OK', NULL, '0.32752200 1429252937', '139.0.26.20', '', '{"user_agent":"Mozilla\\/5.0 (Windows NT 6.1; WOW64; rv:37.0) Gecko\\/20100101 Firefox\\/37.0","platform":"Unknown Windows OS","browser":"Firefox"}', 0, 1, 1429252937, 0),
(7, '32856c45123d7612a07945654916953e', 'http://localhost/dentsu.digital/home/page', NULL, 200, 'OK', NULL, '0.57854700 1429252937', '139.0.26.20', '', '{"user_agent":"Mozilla\\/5.0 (Windows NT 6.1; WOW64; rv:37.0) Gecko\\/20100101 Firefox\\/37.0","platform":"Unknown Windows OS","browser":"Firefox"}', 0, 1, 1429252937, 0),
(8, '32856c45123d7612a07945654916953e', 'http://localhost/dentsu.digital/home/page', NULL, 200, 'OK', NULL, '0.86397500 1429252951', '139.0.26.20', '', '{"user_agent":"Mozilla\\/5.0 (Windows NT 6.1; WOW64; rv:37.0) Gecko\\/20100101 Firefox\\/37.0","platform":"Unknown Windows OS","browser":"Firefox"}', 0, 1, 1429252951, 0),
(9, '32856c45123d7612a07945654916953e', 'http://localhost/dentsu.digital/home/page', NULL, 200, 'OK', NULL, '0.31112000 1429253003', '139.0.26.20', '', '{"user_agent":"Mozilla\\/5.0 (Windows NT 6.1; WOW64; rv:37.0) Gecko\\/20100101 Firefox\\/37.0","platform":"Unknown Windows OS","browser":"Firefox"}', 0, 1, 1429253003, 0),
(10, '32856c45123d7612a07945654916953e', 'http://localhost/dentsu.digital/home/page', NULL, 200, 'OK', NULL, '0.87017500 1429253003', '139.0.26.20', '', '{"user_agent":"Mozilla\\/5.0 (Windows NT 6.1; WOW64; rv:37.0) Gecko\\/20100101 Firefox\\/37.0","platform":"Unknown Windows OS","browser":"Firefox"}', 0, 1, 1429253003, 0),
(11, '32856c45123d7612a07945654916953e', 'http://localhost/dentsu.digital/home/page', NULL, 200, 'OK', NULL, '0.05119400 1429253004', '139.0.26.20', '', '{"user_agent":"Mozilla\\/5.0 (Windows NT 6.1; WOW64; rv:37.0) Gecko\\/20100101 Firefox\\/37.0","platform":"Unknown Windows OS","browser":"Firefox"}', 0, 1, 1429253004, 0),
(12, '32856c45123d7612a07945654916953e', 'http://localhost/dentsu.digital/home/page', NULL, 200, 'OK', NULL, '0.41683000 1429253020', '139.0.26.20', '', '{"user_agent":"Mozilla\\/5.0 (Windows NT 6.1; WOW64; rv:37.0) Gecko\\/20100101 Firefox\\/37.0","platform":"Unknown Windows OS","browser":"Firefox"}', 0, 1, 1429253020, 0),
(13, '32856c45123d7612a07945654916953e', 'http://localhost/dentsu.digital/home/page', NULL, 200, 'OK', NULL, '0.67745600 1429253026', '139.0.26.20', '', '{"user_agent":"Mozilla\\/5.0 (Windows NT 6.1; WOW64; rv:37.0) Gecko\\/20100101 Firefox\\/37.0","platform":"Unknown Windows OS","browser":"Firefox"}', 0, 1, 1429253026, 0),
(14, '32856c45123d7612a07945654916953e', 'http://localhost/dentsu.digital/home/page', NULL, 200, 'OK', NULL, '0.06279400 1429253090', '139.0.26.20', '', '{"user_agent":"Mozilla\\/5.0 (Windows NT 6.1; WOW64; rv:37.0) Gecko\\/20100101 Firefox\\/37.0","platform":"Unknown Windows OS","browser":"Firefox"}', 0, 1, 1429253090, 0),
(15, '32856c45123d7612a07945654916953e', 'http://localhost/dentsu.digital/home/page', NULL, 200, 'OK', NULL, '0.67095400 1429253121', '139.0.26.20', '', '{"user_agent":"Mozilla\\/5.0 (Windows NT 6.1; WOW64; rv:37.0) Gecko\\/20100101 Firefox\\/37.0","platform":"Unknown Windows OS","browser":"Firefox"}', 0, 1, 1429253121, 0),
(16, '32856c45123d7612a07945654916953e', 'http://localhost/dentsu.digital/home/page', NULL, 200, 'OK', NULL, '0.43093000 1429253131', '139.0.26.20', '', '{"user_agent":"Mozilla\\/5.0 (Windows NT 6.1; WOW64; rv:37.0) Gecko\\/20100101 Firefox\\/37.0","platform":"Unknown Windows OS","browser":"Firefox"}', 0, 1, 1429253131, 0),
(17, '32856c45123d7612a07945654916953e', 'http://localhost/dentsu.digital/home/page', NULL, 200, 'OK', NULL, '0.80276700 1429253149', '139.0.26.20', '', '{"user_agent":"Mozilla\\/5.0 (Windows NT 6.1; WOW64; rv:37.0) Gecko\\/20100101 Firefox\\/37.0","platform":"Unknown Windows OS","browser":"Firefox"}', 0, 1, 1429253149, 0),
(18, '32856c45123d7612a07945654916953e', 'http://localhost/dentsu.digital/home/page', NULL, 200, 'OK', NULL, '0.06399300 1429253152', '139.0.26.20', '', '{"user_agent":"Mozilla\\/5.0 (Windows NT 6.1; WOW64; rv:37.0) Gecko\\/20100101 Firefox\\/37.0","platform":"Unknown Windows OS","browser":"Firefox"}', 0, 1, 1429253152, 0),
(19, '32856c45123d7612a07945654916953e', 'http://localhost/dentsu.digital/home/page', NULL, 200, 'OK', NULL, '0.48403500 1429253172', '139.0.26.20', '', '{"user_agent":"Mozilla\\/5.0 (Windows NT 6.1; WOW64; rv:37.0) Gecko\\/20100101 Firefox\\/37.0","platform":"Unknown Windows OS","browser":"Firefox"}', 0, 1, 1429253172, 0),
(20, '32856c45123d7612a07945654916953e', 'http://localhost/dentsu.digital/home/page', NULL, 200, 'OK', NULL, '0.37812500 1429253173', '139.0.26.20', '', '{"user_agent":"Mozilla\\/5.0 (Windows NT 6.1; WOW64; rv:37.0) Gecko\\/20100101 Firefox\\/37.0","platform":"Unknown Windows OS","browser":"Firefox"}', 0, 1, 1429253173, 0),
(21, '32856c45123d7612a07945654916953e', 'http://localhost/dentsu.digital/home/page', NULL, 200, 'OK', NULL, '0.62514900 1429253173', '139.0.26.20', '', '{"user_agent":"Mozilla\\/5.0 (Windows NT 6.1; WOW64; rv:37.0) Gecko\\/20100101 Firefox\\/37.0","platform":"Unknown Windows OS","browser":"Firefox"}', 0, 1, 1429253173, 0),
(22, '32856c45123d7612a07945654916953e', 'http://localhost/dentsu.digital/home/page', NULL, 200, 'OK', NULL, '0.84117100 1429253173', '139.0.26.20', '', '{"user_agent":"Mozilla\\/5.0 (Windows NT 6.1; WOW64; rv:37.0) Gecko\\/20100101 Firefox\\/37.0","platform":"Unknown Windows OS","browser":"Firefox"}', 0, 1, 1429253173, 0),
(23, '1f3070a252200c4a83876223275d229b', 'http://localhost/dentsu.digital/home/page', NULL, 200, 'OK', NULL, '0.31191700 1429253261', '139.0.26.20', '', '{"user_agent":"Mozilla\\/5.0 (Windows NT 6.1; WOW64; rv:37.0) Gecko\\/20100101 Firefox\\/37.0","platform":"Unknown Windows OS","browser":"Firefox"}', 0, 1, 1429253261, 0),
(24, '1f3070a252200c4a83876223275d229b', 'http://localhost/dentsu.digital/home/page', NULL, 200, 'OK', NULL, '0.67705400 1429253262', '139.0.26.20', '', '{"user_agent":"Mozilla\\/5.0 (Windows NT 6.1; WOW64; rv:37.0) Gecko\\/20100101 Firefox\\/37.0","platform":"Unknown Windows OS","browser":"Firefox"}', 0, 1, 1429253262, 0),
(25, '1f3070a252200c4a83876223275d229b', 'http://localhost/dentsu.digital/home/page', NULL, 200, 'OK', NULL, '0.44863000 1429253288', '139.0.26.20', '', '{"user_agent":"Mozilla\\/5.0 (Windows NT 6.1; WOW64; rv:37.0) Gecko\\/20100101 Firefox\\/37.0","platform":"Unknown Windows OS","browser":"Firefox"}', 0, 1, 1429253288, 0),
(106, 'e11de059f1f8d86c6bc467bc29c7febb', 'http://localhost/dentsu.digital/', NULL, 200, 'OK', NULL, '0.44487700 1429260431', '::1', '', '{"user_agent":"Mozilla\\/5.0 (Windows NT 6.1; WOW64) AppleWebKit\\/537.36 (KHTML, like Gecko) Chrome\\/42.0.2311.90 Safari\\/537.36","platform":"Unknown Windows OS","browser":"Chrome"}', 0, 1, 1429260432, 0),
(107, '66e727ff0019d9afc371929492a69823', 'http://localhost/dentsu.digital/home/page', NULL, 200, 'OK', NULL, '0.06122100 1429262235', '::1', '', '{"user_agent":"Mozilla\\/5.0 (Windows NT 6.1; WOW64; rv:37.0) Gecko\\/20100101 Firefox\\/37.0","platform":"Unknown Windows OS","browser":"Firefox"}', 0, 1, 1429262235, 0),
(108, '66e727ff0019d9afc371929492a69823', 'http://localhost/dentsu.digital/home/page', NULL, 200, 'OK', NULL, '0.32824800 1429262245', '::1', '', '{"user_agent":"Mozilla\\/5.0 (Windows NT 6.1; WOW64; rv:37.0) Gecko\\/20100101 Firefox\\/37.0","platform":"Unknown Windows OS","browser":"Firefox"}', 0, 1, 1429262245, 0),
(109, '66e727ff0019d9afc371929492a69823', 'http://localhost/dentsu.digital/home/page', NULL, 200, 'OK', NULL, '0.03571800 1429262250', '::1', '', '{"user_agent":"Mozilla\\/5.0 (Windows NT 6.1; WOW64; rv:37.0) Gecko\\/20100101 Firefox\\/37.0","platform":"Unknown Windows OS","browser":"Firefox"}', 0, 1, 1429262250, 0),
(110, '66e727ff0019d9afc371929492a69823', 'http://localhost/dentsu.digital/home/page', NULL, 200, 'OK', NULL, '0.76849100 1429262277', '::1', '', '{"user_agent":"Mozilla\\/5.0 (Windows NT 6.1; WOW64; rv:37.0) Gecko\\/20100101 Firefox\\/37.0","platform":"Unknown Windows OS","browser":"Firefox"}', 0, 1, 1429262277, 0),
(111, '66e727ff0019d9afc371929492a69823', 'http://localhost/dentsu.digital/home/page', NULL, 200, 'OK', NULL, '0.89560400 1429262278', '::1', '', '{"user_agent":"Mozilla\\/5.0 (Windows NT 6.1; WOW64; rv:37.0) Gecko\\/20100101 Firefox\\/37.0","platform":"Unknown Windows OS","browser":"Firefox"}', 0, 1, 1429262279, 0),
(112, '66e727ff0019d9afc371929492a69823', 'http://localhost/dentsu.digital/home/page', NULL, 200, 'OK', NULL, '0.22163700 1429262279', '::1', '', '{"user_agent":"Mozilla\\/5.0 (Windows NT 6.1; WOW64; rv:37.0) Gecko\\/20100101 Firefox\\/37.0","platform":"Unknown Windows OS","browser":"Firefox"}', 0, 1, 1429262279, 0),
(113, '66e727ff0019d9afc371929492a69823', 'http://localhost/dentsu.digital/home/page', NULL, 200, 'OK', NULL, '0.49566400 1429262279', '::1', '', '{"user_agent":"Mozilla\\/5.0 (Windows NT 6.1; WOW64; rv:37.0) Gecko\\/20100101 Firefox\\/37.0","platform":"Unknown Windows OS","browser":"Firefox"}', 0, 1, 1429262279, 0),
(114, '66e727ff0019d9afc371929492a69823', 'http://localhost/dentsu.digital/home/page', NULL, 200, 'OK', NULL, '0.66768100 1429262279', '::1', '', '{"user_agent":"Mozilla\\/5.0 (Windows NT 6.1; WOW64; rv:37.0) Gecko\\/20100101 Firefox\\/37.0","platform":"Unknown Windows OS","browser":"Firefox"}', 0, 1, 1429262279, 0),
(115, '66e727ff0019d9afc371929492a69823', 'http://localhost/dentsu.digital/home/page', NULL, 200, 'OK', NULL, '0.84699900 1429262292', '::1', '', '{"user_agent":"Mozilla\\/5.0 (Windows NT 6.1; WOW64; rv:37.0) Gecko\\/20100101 Firefox\\/37.0","platform":"Unknown Windows OS","browser":"Firefox"}', 0, 1, 1429262292, 0),
(116, '66e727ff0019d9afc371929492a69823', 'http://localhost/dentsu.digital/home/page', NULL, 200, 'OK', NULL, '0.66308100 1429262293', '::1', '', '{"user_agent":"Mozilla\\/5.0 (Windows NT 6.1; WOW64; rv:37.0) Gecko\\/20100101 Firefox\\/37.0","platform":"Unknown Windows OS","browser":"Firefox"}', 0, 1, 1429262293, 0),
(117, '66e727ff0019d9afc371929492a69823', 'http://localhost/dentsu.digital/home/page', NULL, 200, 'OK', NULL, '0.05011900 1429262294', '::1', '', '{"user_agent":"Mozilla\\/5.0 (Windows NT 6.1; WOW64; rv:37.0) Gecko\\/20100101 Firefox\\/37.0","platform":"Unknown Windows OS","browser":"Firefox"}', 0, 1, 1429262294, 0),
(118, '66e727ff0019d9afc371929492a69823', 'http://localhost/dentsu.digital/home/page', NULL, 200, 'OK', NULL, '0.31614600 1429262294', '::1', '', '{"user_agent":"Mozilla\\/5.0 (Windows NT 6.1; WOW64; rv:37.0) Gecko\\/20100101 Firefox\\/37.0","platform":"Unknown Windows OS","browser":"Firefox"}', 0, 1, 1429262294, 0),
(119, '66e727ff0019d9afc371929492a69823', 'http://localhost/dentsu.digital/home/page', NULL, 200, 'OK', NULL, '0.65007900 1429262313', '::1', '', '{"user_agent":"Mozilla\\/5.0 (Windows NT 6.1; WOW64; rv:37.0) Gecko\\/20100101 Firefox\\/37.0","platform":"Unknown Windows OS","browser":"Firefox"}', 0, 1, 1429262313, 0),
(120, '66e727ff0019d9afc371929492a69823', 'http://localhost/dentsu.digital/home/page', NULL, 200, 'OK', NULL, '0.77619200 1429262314', '::1', '', '{"user_agent":"Mozilla\\/5.0 (Windows NT 6.1; WOW64; rv:37.0) Gecko\\/20100101 Firefox\\/37.0","platform":"Unknown Windows OS","browser":"Firefox"}', 0, 1, 1429262314, 0),
(121, '66e727ff0019d9afc371929492a69823', 'http://localhost/dentsu.digital/home/page', NULL, 200, 'OK', NULL, '0.10422400 1429262335', '::1', '', '{"user_agent":"Mozilla\\/5.0 (Windows NT 6.1; WOW64; rv:37.0) Gecko\\/20100101 Firefox\\/37.0","platform":"Unknown Windows OS","browser":"Firefox"}', 0, 1, 1429262335, 0),
(122, '66e727ff0019d9afc371929492a69823', 'http://localhost/dentsu.digital/home/page', NULL, 200, 'OK', NULL, '0.96341000 1429262346', '::1', '', '{"user_agent":"Mozilla\\/5.0 (Windows NT 6.1; WOW64; rv:37.0) Gecko\\/20100101 Firefox\\/37.0","platform":"Unknown Windows OS","browser":"Firefox"}', 0, 1, 1429262347, 0),
(123, '66e727ff0019d9afc371929492a69823', 'http://localhost/dentsu.digital/home/page', NULL, 200, 'OK', NULL, '0.41065500 1429262349', '::1', '', '{"user_agent":"Mozilla\\/5.0 (Windows NT 6.1; WOW64; rv:37.0) Gecko\\/20100101 Firefox\\/37.0","platform":"Unknown Windows OS","browser":"Firefox"}', 0, 1, 1429262349, 0),
(124, '66e727ff0019d9afc371929492a69823', 'http://localhost/dentsu.digital/home/page', NULL, 200, 'OK', NULL, '0.20473400 1429262350', '::1', '', '{"user_agent":"Mozilla\\/5.0 (Windows NT 6.1; WOW64; rv:37.0) Gecko\\/20100101 Firefox\\/37.0","platform":"Unknown Windows OS","browser":"Firefox"}', 0, 1, 1429262350, 0),
(125, '66e727ff0019d9afc371929492a69823', 'http://localhost/dentsu.digital/home/page', NULL, 200, 'OK', NULL, '0.85279900 1429262350', '::1', '', '{"user_agent":"Mozilla\\/5.0 (Windows NT 6.1; WOW64; rv:37.0) Gecko\\/20100101 Firefox\\/37.0","platform":"Unknown Windows OS","browser":"Firefox"}', 0, 1, 1429262350, 0),
(126, '66e727ff0019d9afc371929492a69823', 'http://localhost/dentsu.digital/home/page', NULL, 200, 'OK', NULL, '0.31284500 1429262351', '::1', '', '{"user_agent":"Mozilla\\/5.0 (Windows NT 6.1; WOW64; rv:37.0) Gecko\\/20100101 Firefox\\/37.0","platform":"Unknown Windows OS","browser":"Firefox"}', 0, 1, 1429262351, 0),
(127, '66e727ff0019d9afc371929492a69823', 'http://localhost/dentsu.digital/home/page', NULL, 200, 'OK', NULL, '0.61087500 1429262351', '::1', '', '{"user_agent":"Mozilla\\/5.0 (Windows NT 6.1; WOW64; rv:37.0) Gecko\\/20100101 Firefox\\/37.0","platform":"Unknown Windows OS","browser":"Firefox"}', 0, 1, 1429262351, 0),
(128, '66e727ff0019d9afc371929492a69823', 'http://localhost/dentsu.digital/home/page', NULL, 200, 'OK', NULL, '0.78689200 1429262351', '::1', '', '{"user_agent":"Mozilla\\/5.0 (Windows NT 6.1; WOW64; rv:37.0) Gecko\\/20100101 Firefox\\/37.0","platform":"Unknown Windows OS","browser":"Firefox"}', 0, 1, 1429262351, 0),
(129, '66e727ff0019d9afc371929492a69823', 'http://localhost/dentsu.digital/home/page', NULL, 200, 'OK', NULL, '0.97091100 1429262351', '::1', '', '{"user_agent":"Mozilla\\/5.0 (Windows NT 6.1; WOW64; rv:37.0) Gecko\\/20100101 Firefox\\/37.0","platform":"Unknown Windows OS","browser":"Firefox"}', 0, 1, 1429262352, 0),
(130, '66e727ff0019d9afc371929492a69823', 'http://localhost/dentsu.digital/home/page', NULL, 200, 'OK', NULL, '0.19193300 1429262352', '::1', '', '{"user_agent":"Mozilla\\/5.0 (Windows NT 6.1; WOW64; rv:37.0) Gecko\\/20100101 Firefox\\/37.0","platform":"Unknown Windows OS","browser":"Firefox"}', 0, 1, 1429262352, 0),
(131, '66e727ff0019d9afc371929492a69823', 'http://localhost/dentsu.digital/home/page', NULL, 200, 'OK', NULL, '0.42395600 1429262352', '::1', '', '{"user_agent":"Mozilla\\/5.0 (Windows NT 6.1; WOW64; rv:37.0) Gecko\\/20100101 Firefox\\/37.0","platform":"Unknown Windows OS","browser":"Firefox"}', 0, 1, 1429262352, 0),
(132, '66e727ff0019d9afc371929492a69823', 'http://localhost/dentsu.digital/home/page', NULL, 200, 'OK', NULL, '0.09002300 1429262353', '::1', '', '{"user_agent":"Mozilla\\/5.0 (Windows NT 6.1; WOW64; rv:37.0) Gecko\\/20100101 Firefox\\/37.0","platform":"Unknown Windows OS","browser":"Firefox"}', 0, 1, 1429262353, 0),
(133, '66e727ff0019d9afc371929492a69823', 'http://localhost/dentsu.digital/home/page', NULL, 200, 'OK', NULL, '0.79509300 1429262353', '::1', '', '{"user_agent":"Mozilla\\/5.0 (Windows NT 6.1; WOW64; rv:37.0) Gecko\\/20100101 Firefox\\/37.0","platform":"Unknown Windows OS","browser":"Firefox"}', 0, 1, 1429262353, 0),
(134, '66e727ff0019d9afc371929492a69823', 'http://localhost/dentsu.digital/home/page', NULL, 200, 'OK', NULL, '0.83319700 1429262354', '::1', '', '{"user_agent":"Mozilla\\/5.0 (Windows NT 6.1; WOW64; rv:37.0) Gecko\\/20100101 Firefox\\/37.0","platform":"Unknown Windows OS","browser":"Firefox"}', 0, 1, 1429262354, 0),
(135, '66e727ff0019d9afc371929492a69823', 'http://localhost/dentsu.digital/home/page', NULL, 200, 'OK', NULL, '0.30134300 1429262386', '::1', '', '{"user_agent":"Mozilla\\/5.0 (Windows NT 6.1; WOW64; rv:37.0) Gecko\\/20100101 Firefox\\/37.0","platform":"Unknown Windows OS","browser":"Firefox"}', 0, 1, 1429262386, 0),
(136, '66e727ff0019d9afc371929492a69823', 'http://localhost/dentsu.digital/home/page', NULL, 200, 'OK', NULL, '0.18553200 1429262388', '::1', '', '{"user_agent":"Mozilla\\/5.0 (Windows NT 6.1; WOW64; rv:37.0) Gecko\\/20100101 Firefox\\/37.0","platform":"Unknown Windows OS","browser":"Firefox"}', 0, 1, 1429262388, 0),
(137, '66e727ff0019d9afc371929492a69823', 'http://localhost/dentsu.digital/home/page', NULL, 200, 'OK', NULL, '0.95970900 1429262389', '::1', '', '{"user_agent":"Mozilla\\/5.0 (Windows NT 6.1; WOW64; rv:37.0) Gecko\\/20100101 Firefox\\/37.0","platform":"Unknown Windows OS","browser":"Firefox"}', 0, 1, 1429262390, 0),
(138, '66e727ff0019d9afc371929492a69823', 'http://localhost/dentsu.digital/home/page', NULL, 200, 'OK', NULL, '0.38795200 1429262392', '::1', '', '{"user_agent":"Mozilla\\/5.0 (Windows NT 6.1; WOW64; rv:37.0) Gecko\\/20100101 Firefox\\/37.0","platform":"Unknown Windows OS","browser":"Firefox"}', 0, 1, 1429262392, 0),
(139, '66e727ff0019d9afc371929492a69823', 'http://localhost/dentsu.digital/home/page', NULL, 200, 'OK', NULL, '0.56677000 1429262410', '::1', '', '{"user_agent":"Mozilla\\/5.0 (Windows NT 6.1; WOW64; rv:37.0) Gecko\\/20100101 Firefox\\/37.0","platform":"Unknown Windows OS","browser":"Firefox"}', 0, 1, 1429262410, 0),
(140, '66e727ff0019d9afc371929492a69823', 'http://localhost/dentsu.digital/home/page', NULL, 200, 'OK', NULL, '0.34994800 1429262422', '::1', '', '{"user_agent":"Mozilla\\/5.0 (Windows NT 6.1; WOW64; rv:37.0) Gecko\\/20100101 Firefox\\/37.0","platform":"Unknown Windows OS","browser":"Firefox"}', 0, 1, 1429262422, 0),
(141, '64d70d40610a17751bf6aee010681583', 'http://localhost/dentsu.digital/home/page', NULL, 200, 'OK', NULL, '0.06454800 1429262913', '::1', '', '{"user_agent":"Mozilla\\/5.0 (Windows NT 6.1; WOW64; rv:37.0) Gecko\\/20100101 Firefox\\/37.0","platform":"Unknown Windows OS","browser":"Firefox"}', 0, 1, 1429262913, 0),
(142, '64d70d40610a17751bf6aee010681583', 'http://localhost/dentsu.digital/home/page', NULL, 200, 'OK', NULL, '0.60054800 1429262918', '::1', '', '{"user_agent":"Mozilla\\/5.0 (Windows NT 6.1; WOW64; rv:37.0) Gecko\\/20100101 Firefox\\/37.0","platform":"Unknown Windows OS","browser":"Firefox"}', 0, 1, 1429262918, 0),
(143, '64d70d40610a17751bf6aee010681583', 'http://localhost/dentsu.digital/home/page', NULL, 200, 'OK', NULL, '0.44254800 1429262999', '::1', '', '{"user_agent":"Mozilla\\/5.0 (Windows NT 6.1; WOW64; rv:37.0) Gecko\\/20100101 Firefox\\/37.0","platform":"Unknown Windows OS","browser":"Firefox"}', 0, 1, 1429262999, 0),
(144, '64d70d40610a17751bf6aee010681583', 'http://localhost/dentsu.digital/home/page', NULL, 200, 'OK', NULL, '0.94254800 1429263004', '::1', '', '{"user_agent":"Mozilla\\/5.0 (Windows NT 6.1; WOW64; rv:37.0) Gecko\\/20100101 Firefox\\/37.0","platform":"Unknown Windows OS","browser":"Firefox"}', 0, 1, 1429263005, 0),
(145, '9c20f77dd18ce27421ca114099398687', 'http://localhost/dentsu.digital/home/page', NULL, 200, 'OK', NULL, '0.41754800 1429263012', '::1', '', '{"user_agent":"Mozilla\\/5.0 (Windows NT 6.1; WOW64; rv:37.0) Gecko\\/20100101 Firefox\\/37.0","platform":"Unknown Windows OS","browser":"Firefox"}', 0, 1, 1429263012, 0),
(146, '9c20f77dd18ce27421ca114099398687', 'http://localhost/dentsu.digital/home/page', NULL, 200, 'OK', NULL, '0.94054800 1429263013', '::1', '', '{"user_agent":"Mozilla\\/5.0 (Windows NT 6.1; WOW64; rv:37.0) Gecko\\/20100101 Firefox\\/37.0","platform":"Unknown Windows OS","browser":"Firefox"}', 0, 1, 1429263014, 0),
(147, '9c20f77dd18ce27421ca114099398687', 'http://localhost/dentsu.digital/home/page', NULL, 200, 'OK', NULL, '0.28654800 1429263015', '::1', '', '{"user_agent":"Mozilla\\/5.0 (Windows NT 6.1; WOW64; rv:37.0) Gecko\\/20100101 Firefox\\/37.0","platform":"Unknown Windows OS","browser":"Firefox"}', 0, 1, 1429263015, 0),
(148, '9c20f77dd18ce27421ca114099398687', 'http://localhost/dentsu.digital/home/page', NULL, 200, 'OK', NULL, '0.99354800 1429263015', '::1', '', '{"user_agent":"Mozilla\\/5.0 (Windows NT 6.1; WOW64; rv:37.0) Gecko\\/20100101 Firefox\\/37.0","platform":"Unknown Windows OS","browser":"Firefox"}', 0, 1, 1429263016, 0),
(149, '9c20f77dd18ce27421ca114099398687', 'http://localhost/dentsu.digital/home/page', NULL, 200, 'OK', NULL, '0.92354800 1429263037', '::1', '', '{"user_agent":"Mozilla\\/5.0 (Windows NT 6.1; WOW64; rv:37.0) Gecko\\/20100101 Firefox\\/37.0","platform":"Unknown Windows OS","browser":"Firefox"}', 0, 1, 1429263038, 0),
(150, '9c20f77dd18ce27421ca114099398687', 'http://localhost/dentsu.digital/home/page', NULL, 200, 'OK', NULL, '0.21854800 1429263039', '::1', '', '{"user_agent":"Mozilla\\/5.0 (Windows NT 6.1; WOW64; rv:37.0) Gecko\\/20100101 Firefox\\/37.0","platform":"Unknown Windows OS","browser":"Firefox"}', 0, 1, 1429263039, 0),
(151, '9c20f77dd18ce27421ca114099398687', 'http://localhost/dentsu.digital/home/page', NULL, 200, 'OK', NULL, '0.38554800 1429263046', '::1', '', '{"user_agent":"Mozilla\\/5.0 (Windows NT 6.1; WOW64; rv:37.0) Gecko\\/20100101 Firefox\\/37.0","platform":"Unknown Windows OS","browser":"Firefox"}', 0, 1, 1429263046, 0),
(152, '9c20f77dd18ce27421ca114099398687', 'http://localhost/dentsu.digital/home/page', NULL, 200, 'OK', NULL, '0.46654800 1429263064', '::1', '', '{"user_agent":"Mozilla\\/5.0 (Windows NT 6.1; WOW64; rv:37.0) Gecko\\/20100101 Firefox\\/37.0","platform":"Unknown Windows OS","browser":"Firefox"}', 0, 1, 1429263064, 0),
(153, '9c20f77dd18ce27421ca114099398687', 'http://localhost/dentsu.digital/home/page', NULL, 200, 'OK', NULL, '0.73554800 1429263065', '::1', '', '{"user_agent":"Mozilla\\/5.0 (Windows NT 6.1; WOW64; rv:37.0) Gecko\\/20100101 Firefox\\/37.0","platform":"Unknown Windows OS","browser":"Firefox"}', 0, 1, 1429263065, 0),
(154, '9c20f77dd18ce27421ca114099398687', 'http://localhost/dentsu.digital/home/page', NULL, 200, 'OK', NULL, '0.58254800 1429263066', '::1', '', '{"user_agent":"Mozilla\\/5.0 (Windows NT 6.1; WOW64; rv:37.0) Gecko\\/20100101 Firefox\\/37.0","platform":"Unknown Windows OS","browser":"Firefox"}', 0, 1, 1429263066, 0),
(155, '9c20f77dd18ce27421ca114099398687', 'http://localhost/dentsu.digital/home/page', NULL, 200, 'OK', NULL, '0.29454800 1429263107', '::1', '', '{"user_agent":"Mozilla\\/5.0 (Windows NT 6.1; WOW64; rv:37.0) Gecko\\/20100101 Firefox\\/37.0","platform":"Unknown Windows OS","browser":"Firefox"}', 0, 1, 1429263107, 0),
(156, '9c20f77dd18ce27421ca114099398687', 'http://localhost/dentsu.digital/home/page', NULL, 200, 'OK', NULL, '0.51954800 1429263108', '::1', '', '{"user_agent":"Mozilla\\/5.0 (Windows NT 6.1; WOW64; rv:37.0) Gecko\\/20100101 Firefox\\/37.0","platform":"Unknown Windows OS","browser":"Firefox"}', 0, 1, 1429263108, 0),
(157, '9c20f77dd18ce27421ca114099398687', 'http://localhost/dentsu.digital/home/page', NULL, 200, 'OK', NULL, '0.38154800 1429263134', '::1', '', '{"user_agent":"Mozilla\\/5.0 (Windows NT 6.1; WOW64; rv:37.0) Gecko\\/20100101 Firefox\\/37.0","platform":"Unknown Windows OS","browser":"Firefox"}', 0, 1, 1429263134, 0),
(158, '9c20f77dd18ce27421ca114099398687', 'http://localhost/dentsu.digital/home/page', NULL, 200, 'OK', NULL, '0.49454800 1429263135', '::1', '', '{"user_agent":"Mozilla\\/5.0 (Windows NT 6.1; WOW64; rv:37.0) Gecko\\/20100101 Firefox\\/37.0","platform":"Unknown Windows OS","browser":"Firefox"}', 0, 1, 1429263135, 0),
(159, '9c20f77dd18ce27421ca114099398687', 'http://localhost/dentsu.digital/home/page', NULL, 200, 'OK', NULL, '0.10754800 1429263136', '::1', '', '{"user_agent":"Mozilla\\/5.0 (Windows NT 6.1; WOW64; rv:37.0) Gecko\\/20100101 Firefox\\/37.0","platform":"Unknown Windows OS","browser":"Firefox"}', 0, 1, 1429263136, 0),
(160, '9c20f77dd18ce27421ca114099398687', 'http://localhost/dentsu.digital/home/page', NULL, 200, 'OK', NULL, '0.00454800 1429263152', '::1', '', '{"user_agent":"Mozilla\\/5.0 (Windows NT 6.1; WOW64; rv:37.0) Gecko\\/20100101 Firefox\\/37.0","platform":"Unknown Windows OS","browser":"Firefox"}', 0, 1, 1429263152, 0),
(161, '9c20f77dd18ce27421ca114099398687', 'http://localhost/dentsu.digital/home/page', NULL, 200, 'OK', NULL, '0.04654800 1429263158', '::1', '', '{"user_agent":"Mozilla\\/5.0 (Windows NT 6.1; WOW64; rv:37.0) Gecko\\/20100101 Firefox\\/37.0","platform":"Unknown Windows OS","browser":"Firefox"}', 0, 1, 1429263158, 0),
(162, '9c20f77dd18ce27421ca114099398687', 'http://localhost/dentsu.digital/home/page', NULL, 200, 'OK', NULL, '0.74854800 1429263162', '::1', '', '{"user_agent":"Mozilla\\/5.0 (Windows NT 6.1; WOW64; rv:37.0) Gecko\\/20100101 Firefox\\/37.0","platform":"Unknown Windows OS","browser":"Firefox"}', 0, 1, 1429263162, 0),
(163, '9c20f77dd18ce27421ca114099398687', 'http://localhost/dentsu.digital/home/page', NULL, 200, 'OK', NULL, '0.92654800 1429263166', '::1', '', '{"user_agent":"Mozilla\\/5.0 (Windows NT 6.1; WOW64; rv:37.0) Gecko\\/20100101 Firefox\\/37.0","platform":"Unknown Windows OS","browser":"Firefox"}', 0, 1, 1429263167, 0),
(164, '9c20f77dd18ce27421ca114099398687', 'http://localhost/dentsu.digital/home/page', NULL, 200, 'OK', NULL, '0.65854800 1429263170', '::1', '', '{"user_agent":"Mozilla\\/5.0 (Windows NT 6.1; WOW64; rv:37.0) Gecko\\/20100101 Firefox\\/37.0","platform":"Unknown Windows OS","browser":"Firefox"}', 0, 1, 1429263170, 0),
(165, '9c20f77dd18ce27421ca114099398687', 'http://localhost/dentsu.digital/home/page', NULL, 200, 'OK', NULL, '0.53554800 1429263178', '::1', '', '{"user_agent":"Mozilla\\/5.0 (Windows NT 6.1; WOW64; rv:37.0) Gecko\\/20100101 Firefox\\/37.0","platform":"Unknown Windows OS","browser":"Firefox"}', 0, 1, 1429263178, 0),
(166, '9c20f77dd18ce27421ca114099398687', 'http://localhost/dentsu.digital/home/page', NULL, 200, 'OK', NULL, '0.07354800 1429263180', '::1', '', '{"user_agent":"Mozilla\\/5.0 (Windows NT 6.1; WOW64; rv:37.0) Gecko\\/20100101 Firefox\\/37.0","platform":"Unknown Windows OS","browser":"Firefox"}', 0, 1, 1429263180, 0),
(167, '9c20f77dd18ce27421ca114099398687', 'http://localhost/dentsu.digital/home/page', NULL, 200, 'OK', NULL, '0.48654800 1429263180', '::1', '', '{"user_agent":"Mozilla\\/5.0 (Windows NT 6.1; WOW64; rv:37.0) Gecko\\/20100101 Firefox\\/37.0","platform":"Unknown Windows OS","browser":"Firefox"}', 0, 1, 1429263180, 0),
(168, '9c20f77dd18ce27421ca114099398687', 'http://localhost/dentsu.digital/home/page', NULL, 200, 'OK', NULL, '0.67454800 1429263180', '::1', '', '{"user_agent":"Mozilla\\/5.0 (Windows NT 6.1; WOW64; rv:37.0) Gecko\\/20100101 Firefox\\/37.0","platform":"Unknown Windows OS","browser":"Firefox"}', 0, 1, 1429263180, 0),
(169, '9c20f77dd18ce27421ca114099398687', 'http://localhost/dentsu.digital/home/page', NULL, 200, 'OK', NULL, '0.83454800 1429263180', '::1', '', '{"user_agent":"Mozilla\\/5.0 (Windows NT 6.1; WOW64; rv:37.0) Gecko\\/20100101 Firefox\\/37.0","platform":"Unknown Windows OS","browser":"Firefox"}', 0, 1, 1429263181, 0),
(170, '9c20f77dd18ce27421ca114099398687', 'http://localhost/dentsu.digital/home/page', NULL, 200, 'OK', NULL, '0.01054800 1429263181', '::1', '', '{"user_agent":"Mozilla\\/5.0 (Windows NT 6.1; WOW64; rv:37.0) Gecko\\/20100101 Firefox\\/37.0","platform":"Unknown Windows OS","browser":"Firefox"}', 0, 1, 1429263181, 0),
(171, '252e06454b1392e11a5ce5e38bccfaba', 'http://localhost/dentsu.digital/home/page', NULL, 200, 'OK', NULL, '0.13825400 1429267901', '::1', '', '{"user_agent":"Mozilla\\/5.0 (Windows NT 6.1; WOW64; rv:37.0) Gecko\\/20100101 Firefox\\/37.0","platform":"Unknown Windows OS","browser":"Firefox"}', 0, 1, 1429267908, 0),
(172, '252e06454b1392e11a5ce5e38bccfaba', 'http://localhost/dentsu.digital/', NULL, 200, 'OK', NULL, '0.95121600 1429267915', '::1', '', '{"user_agent":"Mozilla\\/5.0 (Windows NT 6.1; WOW64; rv:37.0) Gecko\\/20100101 Firefox\\/37.0","platform":"Unknown Windows OS","browser":"Firefox"}', 0, 1, 1429267916, 0),
(173, '252e06454b1392e11a5ce5e38bccfaba', 'http://localhost/dentsu.digital/', NULL, 200, 'OK', NULL, '0.71866800 1429267950', '::1', '', '{"user_agent":"Mozilla\\/5.0 (Windows NT 6.1; WOW64; rv:37.0) Gecko\\/20100101 Firefox\\/37.0","platform":"Unknown Windows OS","browser":"Firefox"}', 0, 1, 1429267951, 0),
(174, '252e06454b1392e11a5ce5e38bccfaba', 'http://localhost/dentsu.digital/', NULL, 200, 'OK', NULL, '0.13235000 1429267979', '::1', '', '{"user_agent":"Mozilla\\/5.0 (Windows NT 6.1; WOW64; rv:37.0) Gecko\\/20100101 Firefox\\/37.0","platform":"Unknown Windows OS","browser":"Firefox"}', 0, 1, 1429267979, 0),
(175, '252e06454b1392e11a5ce5e38bccfaba', 'http://localhost/dentsu.digital/', NULL, 200, 'OK', NULL, '0.22656300 1429268115', '::1', '', '{"user_agent":"Mozilla\\/5.0 (Windows NT 6.1; WOW64; rv:37.0) Gecko\\/20100101 Firefox\\/37.0","platform":"Unknown Windows OS","browser":"Firefox"}', 0, 1, 1429268122, 0),
(176, '252e06454b1392e11a5ce5e38bccfaba', 'http://localhost/dentsu.digital/', NULL, 200, 'OK', NULL, '0.12404200 1429268140', '::1', '', '{"user_agent":"Mozilla\\/5.0 (Windows NT 6.1; WOW64; rv:37.0) Gecko\\/20100101 Firefox\\/37.0","platform":"Unknown Windows OS","browser":"Firefox"}', 0, 1, 1429268140, 0),
(177, 'a27a2f5764915cabadb35468ab16535c', 'http://localhost/dentsu.digital/', NULL, 200, 'OK', NULL, '0.85618400 1429268235', '::1', '', '{"user_agent":"Mozilla\\/5.0 (Windows NT 6.1; WOW64; rv:37.0) Gecko\\/20100101 Firefox\\/37.0","platform":"Unknown Windows OS","browser":"Firefox"}', 0, 1, 1429268236, 0),
(178, 'a27a2f5764915cabadb35468ab16535c', 'http://localhost/dentsu.digital/', NULL, 200, 'OK', NULL, '0.69785200 1429268246', '::1', '', '{"user_agent":"Mozilla\\/5.0 (Windows NT 6.1; WOW64; rv:37.0) Gecko\\/20100101 Firefox\\/37.0","platform":"Unknown Windows OS","browser":"Firefox"}', 0, 1, 1429268246, 0),
(179, 'a27a2f5764915cabadb35468ab16535c', 'http://localhost/dentsu.digital/', NULL, 200, 'OK', NULL, '0.36187700 1429268449', '::1', '', '{"user_agent":"Mozilla\\/5.0 (Windows NT 6.1; WOW64; rv:37.0) Gecko\\/20100101 Firefox\\/37.0","platform":"Unknown Windows OS","browser":"Firefox"}', 0, 1, 1429268452, 0),
(180, 'a27a2f5764915cabadb35468ab16535c', 'http://localhost/dentsu.digital/', NULL, 200, 'OK', NULL, '0.19784200 1429268504', '::1', '', '{"user_agent":"Mozilla\\/5.0 (Windows NT 6.1; WOW64; rv:37.0) Gecko\\/20100101 Firefox\\/37.0","platform":"Unknown Windows OS","browser":"Firefox"}', 0, 1, 1429268504, 0),
(181, 'a27a2f5764915cabadb35468ab16535c', 'http://localhost/dentsu.digital/', NULL, 200, 'OK', NULL, '0.81456500 1429268517', '::1', '', '{"user_agent":"Mozilla\\/5.0 (Windows NT 6.1; WOW64; rv:37.0) Gecko\\/20100101 Firefox\\/37.0","platform":"Unknown Windows OS","browser":"Firefox"}', 0, 1, 1429268517, 0),
(182, 'de07aa449f6fc309f295795e7217212b', 'http://localhost/dentsu.digital/', NULL, 200, 'OK', NULL, '0.00080000 1429268574', '::1', '', '{"user_agent":"Mozilla\\/5.0 (Windows NT 6.1; WOW64; rv:37.0) Gecko\\/20100101 Firefox\\/37.0","platform":"Unknown Windows OS","browser":"Firefox"}', 0, 1, 1429268574, 0),
(183, 'de07aa449f6fc309f295795e7217212b', 'http://localhost/dentsu.digital/', NULL, 200, 'OK', NULL, '0.27565500 1429268578', '::1', '', '{"user_agent":"Mozilla\\/5.0 (Windows NT 6.1; WOW64; rv:37.0) Gecko\\/20100101 Firefox\\/37.0","platform":"Unknown Windows OS","browser":"Firefox"}', 0, 1, 1429268578, 0),
(184, 'de07aa449f6fc309f295795e7217212b', 'http://localhost/dentsu.digital/', NULL, 200, 'OK', NULL, '0.50210000 1429268585', '::1', '', '{"user_agent":"Mozilla\\/5.0 (Windows NT 6.1; WOW64; rv:37.0) Gecko\\/20100101 Firefox\\/37.0","platform":"Unknown Windows OS","browser":"Firefox"}', 0, 1, 1429268585, 0),
(185, 'de07aa449f6fc309f295795e7217212b', 'http://localhost/dentsu.digital/', NULL, 200, 'OK', NULL, '0.50349900 1429268607', '::1', '', '{"user_agent":"Mozilla\\/5.0 (Windows NT 6.1; WOW64; rv:37.0) Gecko\\/20100101 Firefox\\/37.0","platform":"Unknown Windows OS","browser":"Firefox"}', 0, 1, 1429268607, 0),
(186, 'de07aa449f6fc309f295795e7217212b', 'http://localhost/dentsu.digital/', NULL, 200, 'OK', NULL, '0.70253800 1429268622', '::1', '', '{"user_agent":"Mozilla\\/5.0 (Windows NT 6.1; WOW64; rv:37.0) Gecko\\/20100101 Firefox\\/37.0","platform":"Unknown Windows OS","browser":"Firefox"}', 0, 1, 1429268622, 0),
(187, 'de07aa449f6fc309f295795e7217212b', 'http://localhost/dentsu.digital/', NULL, 200, 'OK', NULL, '0.68893500 1429268634', '::1', '', '{"user_agent":"Mozilla\\/5.0 (Windows NT 6.1; WOW64; rv:37.0) Gecko\\/20100101 Firefox\\/37.0","platform":"Unknown Windows OS","browser":"Firefox"}', 0, 1, 1429268634, 0),
(188, 'de07aa449f6fc309f295795e7217212b', 'http://localhost/dentsu.digital/', NULL, 200, 'OK', NULL, '0.15862900 1429268638', '::1', '', '{"user_agent":"Mozilla\\/5.0 (Windows NT 6.1; WOW64; rv:37.0) Gecko\\/20100101 Firefox\\/37.0","platform":"Unknown Windows OS","browser":"Firefox"}', 0, 1, 1429268638, 0),
(189, 'de07aa449f6fc309f295795e7217212b', 'http://localhost/dentsu.digital/', NULL, 200, 'OK', NULL, '0.90007500 1429268687', '::1', '', '{"user_agent":"Mozilla\\/5.0 (Windows NT 6.1; WOW64; rv:37.0) Gecko\\/20100101 Firefox\\/37.0","platform":"Unknown Windows OS","browser":"Firefox"}', 0, 1, 1429268688, 0),
(190, 'de07aa449f6fc309f295795e7217212b', 'http://localhost/dentsu.digital/', NULL, 200, 'OK', NULL, '0.67542900 1429268714', '::1', '', '{"user_agent":"Mozilla\\/5.0 (Windows NT 6.1; WOW64; rv:37.0) Gecko\\/20100101 Firefox\\/37.0","platform":"Unknown Windows OS","browser":"Firefox"}', 0, 1, 1429268714, 0),
(191, 'de07aa449f6fc309f295795e7217212b', 'http://localhost/dentsu.digital/', NULL, 200, 'OK', NULL, '0.67432600 1429268786', '::1', '', '{"user_agent":"Mozilla\\/5.0 (Windows NT 6.1; WOW64; rv:37.0) Gecko\\/20100101 Firefox\\/37.0","platform":"Unknown Windows OS","browser":"Firefox"}', 0, 1, 1429268786, 0),
(192, 'de07aa449f6fc309f295795e7217212b', 'http://localhost/dentsu.digital/', NULL, 200, 'OK', NULL, '0.17712600 1429268788', '::1', '', '{"user_agent":"Mozilla\\/5.0 (Windows NT 6.1; WOW64; rv:37.0) Gecko\\/20100101 Firefox\\/37.0","platform":"Unknown Windows OS","browser":"Firefox"}', 0, 1, 1429268788, 0),
(193, 'de07aa449f6fc309f295795e7217212b', 'http://localhost/dentsu.digital/', NULL, 200, 'OK', NULL, '0.46748400 1429268797', '::1', '', '{"user_agent":"Mozilla\\/5.0 (Windows NT 6.1; WOW64; rv:37.0) Gecko\\/20100101 Firefox\\/37.0","platform":"Unknown Windows OS","browser":"Firefox"}', 0, 1, 1429268797, 0),
(194, 'de07aa449f6fc309f295795e7217212b', 'http://localhost/dentsu.digital/', NULL, 200, 'OK', NULL, '0.10021100 1429268801', '::1', '', '{"user_agent":"Mozilla\\/5.0 (Windows NT 6.1; WOW64; rv:37.0) Gecko\\/20100101 Firefox\\/37.0","platform":"Unknown Windows OS","browser":"Firefox"}', 0, 1, 1429268801, 0),
(195, 'de07aa449f6fc309f295795e7217212b', 'http://localhost/dentsu.digital/', NULL, 200, 'OK', NULL, '0.38176700 1429268806', '::1', '', '{"user_agent":"Mozilla\\/5.0 (Windows NT 6.1; WOW64; rv:37.0) Gecko\\/20100101 Firefox\\/37.0","platform":"Unknown Windows OS","browser":"Firefox"}', 0, 1, 1429268806, 0),
(196, 'de07aa449f6fc309f295795e7217212b', 'http://localhost/dentsu.digital/', NULL, 200, 'OK', NULL, '0.04029800 1429268819', '::1', '', '{"user_agent":"Mozilla\\/5.0 (Windows NT 6.1; WOW64; rv:37.0) Gecko\\/20100101 Firefox\\/37.0","platform":"Unknown Windows OS","browser":"Firefox"}', 0, 1, 1429268819, 0),
(197, 'e36be56c164e63dc0dc442133baee658', 'http://localhost/dentsu.digital/', NULL, 200, 'OK', NULL, '0.23543300 1429268922', '::1', '', '{"user_agent":"Mozilla\\/5.0 (Windows NT 6.1; WOW64; rv:37.0) Gecko\\/20100101 Firefox\\/37.0","platform":"Unknown Windows OS","browser":"Firefox"}', 0, 1, 1429268922, 0),
(198, 'e36be56c164e63dc0dc442133baee658', 'http://localhost/dentsu.digital/', NULL, 200, 'OK', NULL, '0.63871300 1429268923', '::1', '', '{"user_agent":"Mozilla\\/5.0 (Windows NT 6.1; WOW64; rv:37.0) Gecko\\/20100101 Firefox\\/37.0","platform":"Unknown Windows OS","browser":"Firefox"}', 0, 1, 1429268923, 0),
(199, 'e36be56c164e63dc0dc442133baee658', 'http://localhost/dentsu.digital/', NULL, 200, 'OK', NULL, '0.07760100 1429268928', '::1', '', '{"user_agent":"Mozilla\\/5.0 (Windows NT 6.1; WOW64; rv:37.0) Gecko\\/20100101 Firefox\\/37.0","platform":"Unknown Windows OS","browser":"Firefox"}', 0, 1, 1429268928, 0),
(200, 'e36be56c164e63dc0dc442133baee658', 'http://localhost/dentsu.digital/', NULL, 200, 'OK', NULL, '0.73143100 1429268954', '::1', '', '{"user_agent":"Mozilla\\/5.0 (Windows NT 6.1; WOW64; rv:37.0) Gecko\\/20100101 Firefox\\/37.0","platform":"Unknown Windows OS","browser":"Firefox"}', 0, 1, 1429268954, 0),
(201, 'e36be56c164e63dc0dc442133baee658', 'http://localhost/dentsu.digital/', NULL, 200, 'OK', NULL, '0.77003800 1429268957', '::1', '', '{"user_agent":"Mozilla\\/5.0 (Windows NT 6.1; WOW64; rv:37.0) Gecko\\/20100101 Firefox\\/37.0","platform":"Unknown Windows OS","browser":"Firefox"}', 0, 1, 1429268957, 0),
(202, 'e36be56c164e63dc0dc442133baee658', 'http://localhost/dentsu.digital/', NULL, 200, 'OK', NULL, '0.45008000 1429268968', '::1', '', '{"user_agent":"Mozilla\\/5.0 (Windows NT 6.1; WOW64; rv:37.0) Gecko\\/20100101 Firefox\\/37.0","platform":"Unknown Windows OS","browser":"Firefox"}', 0, 1, 1429268968, 0),
(203, 'e36be56c164e63dc0dc442133baee658', 'http://localhost/dentsu.digital/', NULL, 200, 'OK', NULL, '0.05805700 1429269016', '::1', '', '{"user_agent":"Mozilla\\/5.0 (Windows NT 6.1; WOW64; rv:37.0) Gecko\\/20100101 Firefox\\/37.0","platform":"Unknown Windows OS","browser":"Firefox"}', 0, 1, 1429269016, 0),
(204, 'e36be56c164e63dc0dc442133baee658', 'http://localhost/dentsu.digital/', NULL, 200, 'OK', NULL, '0.30560700 1429269028', '::1', '', '{"user_agent":"Mozilla\\/5.0 (Windows NT 6.1; WOW64; rv:37.0) Gecko\\/20100101 Firefox\\/37.0","platform":"Unknown Windows OS","browser":"Firefox"}', 0, 1, 1429269028, 0),
(205, 'e36be56c164e63dc0dc442133baee658', 'http://localhost/dentsu.digital/', NULL, 200, 'OK', NULL, '0.43927900 1429269037', '::1', '', '{"user_agent":"Mozilla\\/5.0 (Windows NT 6.1; WOW64; rv:37.0) Gecko\\/20100101 Firefox\\/37.0","platform":"Unknown Windows OS","browser":"Firefox"}', 0, 1, 1429269037, 0),
(206, 'e36be56c164e63dc0dc442133baee658', 'http://localhost/dentsu.digital/', NULL, 200, 'OK', NULL, '0.81790300 1429269051', '::1', '', '{"user_agent":"Mozilla\\/5.0 (Windows NT 6.1; WOW64; rv:37.0) Gecko\\/20100101 Firefox\\/37.0","platform":"Unknown Windows OS","browser":"Firefox"}', 0, 1, 1429269051, 0),
(207, 'e36be56c164e63dc0dc442133baee658', 'http://localhost/dentsu.digital/', NULL, 200, 'OK', NULL, '0.70582500 1429269054', '::1', '', '{"user_agent":"Mozilla\\/5.0 (Windows NT 6.1; WOW64; rv:37.0) Gecko\\/20100101 Firefox\\/37.0","platform":"Unknown Windows OS","browser":"Firefox"}', 0, 1, 1429269055, 0),
(208, 'e36be56c164e63dc0dc442133baee658', 'http://localhost/dentsu.digital/', NULL, 200, 'OK', NULL, '0.07005200 1429269061', '::1', '', '{"user_agent":"Mozilla\\/5.0 (Windows NT 6.1; WOW64; rv:37.0) Gecko\\/20100101 Firefox\\/37.0","platform":"Unknown Windows OS","browser":"Firefox"}', 0, 1, 1429269061, 0),
(209, 'e36be56c164e63dc0dc442133baee658', 'http://localhost/dentsu.digital/', NULL, 200, 'OK', NULL, '0.11414300 1429269078', '::1', '', '{"user_agent":"Mozilla\\/5.0 (Windows NT 6.1; WOW64; rv:37.0) Gecko\\/20100101 Firefox\\/37.0","platform":"Unknown Windows OS","browser":"Firefox"}', 0, 1, 1429269078, 0),
(210, 'e36be56c164e63dc0dc442133baee658', 'http://localhost/dentsu.digital/', NULL, 200, 'OK', NULL, '0.77111100 1429269100', '::1', '', '{"user_agent":"Mozilla\\/5.0 (Windows NT 6.1; WOW64; rv:37.0) Gecko\\/20100101 Firefox\\/37.0","platform":"Unknown Windows OS","browser":"Firefox"}', 0, 1, 1429269100, 0),
(211, 'e36be56c164e63dc0dc442133baee658', 'http://localhost/dentsu.digital/', NULL, 200, 'OK', NULL, '0.69532600 1429269104', '::1', '', '{"user_agent":"Mozilla\\/5.0 (Windows NT 6.1; WOW64; rv:37.0) Gecko\\/20100101 Firefox\\/37.0","platform":"Unknown Windows OS","browser":"Firefox"}', 0, 1, 1429269104, 0),
(212, 'e36be56c164e63dc0dc442133baee658', 'http://localhost/dentsu.digital/', NULL, 200, 'OK', NULL, '0.70172400 1429269107', '::1', '', '{"user_agent":"Mozilla\\/5.0 (Windows NT 6.1; WOW64; rv:37.0) Gecko\\/20100101 Firefox\\/37.0","platform":"Unknown Windows OS","browser":"Firefox"}', 0, 1, 1429269107, 0),
(213, 'e36be56c164e63dc0dc442133baee658', 'http://localhost/dentsu.digital/', NULL, 200, 'OK', NULL, '0.75821200 1429269117', '::1', '', '{"user_agent":"Mozilla\\/5.0 (Windows NT 6.1; WOW64; rv:37.0) Gecko\\/20100101 Firefox\\/37.0","platform":"Unknown Windows OS","browser":"Firefox"}', 0, 1, 1429269117, 0),
(214, 'e36be56c164e63dc0dc442133baee658', 'http://localhost/dentsu.digital/', NULL, 200, 'OK', NULL, '0.89378400 1429269144', '::1', '', '{"user_agent":"Mozilla\\/5.0 (Windows NT 6.1; WOW64; rv:37.0) Gecko\\/20100101 Firefox\\/37.0","platform":"Unknown Windows OS","browser":"Firefox"}', 0, 1, 1429269145, 0),
(215, 'e36be56c164e63dc0dc442133baee658', 'http://localhost/dentsu.digital/', NULL, 200, 'OK', NULL, '0.00436000 1429269187', '::1', '', '{"user_agent":"Mozilla\\/5.0 (Windows NT 6.1; WOW64; rv:37.0) Gecko\\/20100101 Firefox\\/37.0","platform":"Unknown Windows OS","browser":"Firefox"}', 0, 1, 1429269187, 0),
(216, 'e36be56c164e63dc0dc442133baee658', 'http://localhost/dentsu.digital/', NULL, 200, 'OK', NULL, '0.26890700 1429269189', '::1', '', '{"user_agent":"Mozilla\\/5.0 (Windows NT 6.1; WOW64; rv:37.0) Gecko\\/20100101 Firefox\\/37.0","platform":"Unknown Windows OS","browser":"Firefox"}', 0, 1, 1429269190, 0),
(217, 'e36be56c164e63dc0dc442133baee658', 'http://localhost/dentsu.digital/', NULL, 200, 'OK', NULL, '0.56704700 1429269198', '::1', '', '{"user_agent":"Mozilla\\/5.0 (Windows NT 6.1; WOW64; rv:37.0) Gecko\\/20100101 Firefox\\/37.0","platform":"Unknown Windows OS","browser":"Firefox"}', 0, 1, 1429269198, 0),
(218, 'e36be56c164e63dc0dc442133baee658', 'http://localhost/dentsu.digital/', NULL, 200, 'OK', NULL, '0.02235600 1429269202', '::1', '', '{"user_agent":"Mozilla\\/5.0 (Windows NT 6.1; WOW64; rv:37.0) Gecko\\/20100101 Firefox\\/37.0","platform":"Unknown Windows OS","browser":"Firefox"}', 0, 1, 1429269202, 0),
(219, '8d7a643e7222155a381acff439dfab64', 'http://localhost/dentsu.digital/', NULL, 200, 'OK', NULL, '0.49466000 1429269255', '::1', '', '{"user_agent":"Mozilla\\/5.0 (Windows NT 6.1; WOW64; rv:37.0) Gecko\\/20100101 Firefox\\/37.0","platform":"Unknown Windows OS","browser":"Firefox"}', 0, 1, 1429269255, 0),
(220, '8d7a643e7222155a381acff439dfab64', 'http://localhost/dentsu.digital/', NULL, 200, 'OK', NULL, '0.95463100 1429269285', '::1', '', '{"user_agent":"Mozilla\\/5.0 (Windows NT 6.1; WOW64; rv:37.0) Gecko\\/20100101 Firefox\\/37.0","platform":"Unknown Windows OS","browser":"Firefox"}', 0, 1, 1429269286, 0),
(221, '8d7a643e7222155a381acff439dfab64', 'http://localhost/dentsu.digital/', NULL, 200, 'OK', NULL, '0.24263100 1429269342', '::1', '', '{"user_agent":"Mozilla\\/5.0 (Windows NT 6.1; WOW64; rv:37.0) Gecko\\/20100101 Firefox\\/37.0","platform":"Unknown Windows OS","browser":"Firefox"}', 0, 1, 1429269342, 0),
(222, '8d7a643e7222155a381acff439dfab64', 'http://localhost/dentsu.digital/', NULL, 200, 'OK', NULL, '0.72463100 1429269343', '::1', '', '{"user_agent":"Mozilla\\/5.0 (Windows NT 6.1; WOW64; rv:37.0) Gecko\\/20100101 Firefox\\/37.0","platform":"Unknown Windows OS","browser":"Firefox"}', 0, 1, 1429269343, 0),
(223, '8d7a643e7222155a381acff439dfab64', 'http://localhost/dentsu.digital/', NULL, 200, 'OK', NULL, '0.00063100 1429269344', '::1', '', '{"user_agent":"Mozilla\\/5.0 (Windows NT 6.1; WOW64; rv:37.0) Gecko\\/20100101 Firefox\\/37.0","platform":"Unknown Windows OS","browser":"Firefox"}', 0, 1, 1429269344, 0),
(224, '8d7a643e7222155a381acff439dfab64', 'http://localhost/dentsu.digital/', NULL, 200, 'OK', NULL, '0.23413100 1429269344', '::1', '', '{"user_agent":"Mozilla\\/5.0 (Windows NT 6.1; WOW64; rv:37.0) Gecko\\/20100101 Firefox\\/37.0","platform":"Unknown Windows OS","browser":"Firefox"}', 0, 1, 1429269344, 0),
(225, '8d7a643e7222155a381acff439dfab64', 'http://localhost/dentsu.digital/', NULL, 200, 'OK', NULL, '0.47013100 1429269362', '::1', '', '{"user_agent":"Mozilla\\/5.0 (Windows NT 6.1; WOW64; rv:37.0) Gecko\\/20100101 Firefox\\/37.0","platform":"Unknown Windows OS","browser":"Firefox"}', 0, 1, 1429269362, 0),
(226, '8d7a643e7222155a381acff439dfab64', 'http://localhost/dentsu.digital/', NULL, 200, 'OK', NULL, '0.09913100 1429269377', '::1', '', '{"user_agent":"Mozilla\\/5.0 (Windows NT 6.1; WOW64; rv:37.0) Gecko\\/20100101 Firefox\\/37.0","platform":"Unknown Windows OS","browser":"Firefox"}', 0, 1, 1429269377, 0),
(227, '8d7a643e7222155a381acff439dfab64', 'http://localhost/dentsu.digital/', NULL, 200, 'OK', NULL, '0.81363100 1429269380', '::1', '', '{"user_agent":"Mozilla\\/5.0 (Windows NT 6.1; WOW64; rv:37.0) Gecko\\/20100101 Firefox\\/37.0","platform":"Unknown Windows OS","browser":"Firefox"}', 0, 1, 1429269380, 0),
(228, '8d7a643e7222155a381acff439dfab64', 'http://localhost/dentsu.digital/', NULL, 200, 'OK', NULL, '0.12913100 1429269399', '::1', '', '{"user_agent":"Mozilla\\/5.0 (Windows NT 6.1; WOW64; rv:37.0) Gecko\\/20100101 Firefox\\/37.0","platform":"Unknown Windows OS","browser":"Firefox"}', 0, 1, 1429269399, 0),
(229, '8d7a643e7222155a381acff439dfab64', 'http://localhost/dentsu.digital/', NULL, 200, 'OK', NULL, '0.28013100 1429269407', '::1', '', '{"user_agent":"Mozilla\\/5.0 (Windows NT 6.1; WOW64; rv:37.0) Gecko\\/20100101 Firefox\\/37.0","platform":"Unknown Windows OS","browser":"Firefox"}', 0, 1, 1429269407, 0),
(230, '8d7a643e7222155a381acff439dfab64', 'http://localhost/dentsu.digital/', NULL, 200, 'OK', NULL, '0.26363100 1429269440', '::1', '', '{"user_agent":"Mozilla\\/5.0 (Windows NT 6.1; WOW64; rv:37.0) Gecko\\/20100101 Firefox\\/37.0","platform":"Unknown Windows OS","browser":"Firefox"}', 0, 1, 1429269440, 0),
(231, '8d7a643e7222155a381acff439dfab64', 'http://localhost/dentsu.digital/', NULL, 200, 'OK', NULL, '0.67563100 1429269534', '::1', '', '{"user_agent":"Mozilla\\/5.0 (Windows NT 6.1; WOW64; rv:37.0) Gecko\\/20100101 Firefox\\/37.0","platform":"Unknown Windows OS","browser":"Firefox"}', 0, 1, 1429269537, 0),
(232, 'fa321cbe2148ed6af879f8f18eba8bb1', 'http://localhost/dentsu.digital/', NULL, 200, 'OK', NULL, '0.16813100 1429269556', '::1', '', '{"user_agent":"Mozilla\\/5.0 (Windows NT 6.1; WOW64; rv:37.0) Gecko\\/20100101 Firefox\\/37.0","platform":"Unknown Windows OS","browser":"Firefox"}', 0, 1, 1429269556, 0),
(233, 'fa321cbe2148ed6af879f8f18eba8bb1', 'http://localhost/dentsu.digital/', NULL, 200, 'OK', NULL, '0.18663100 1429269559', '::1', '', '{"user_agent":"Mozilla\\/5.0 (Windows NT 6.1; WOW64; rv:37.0) Gecko\\/20100101 Firefox\\/37.0","platform":"Unknown Windows OS","browser":"Firefox"}', 0, 1, 1429269559, 0),
(234, 'fa321cbe2148ed6af879f8f18eba8bb1', 'http://localhost/dentsu.digital/', NULL, 200, 'OK', NULL, '0.58663100 1429269566', '::1', '', '{"user_agent":"Mozilla\\/5.0 (Windows NT 6.1; WOW64; rv:37.0) Gecko\\/20100101 Firefox\\/37.0","platform":"Unknown Windows OS","browser":"Firefox"}', 0, 1, 1429269566, 0),
(235, 'fa321cbe2148ed6af879f8f18eba8bb1', 'http://localhost/dentsu.digital/', NULL, 200, 'OK', NULL, '0.13763100 1429269583', '::1', '', '{"user_agent":"Mozilla\\/5.0 (Windows NT 6.1; WOW64; rv:37.0) Gecko\\/20100101 Firefox\\/37.0","platform":"Unknown Windows OS","browser":"Firefox"}', 0, 1, 1429269583, 0),
(236, 'fa321cbe2148ed6af879f8f18eba8bb1', 'http://localhost/dentsu.digital/', NULL, 200, 'OK', NULL, '0.25163100 1429269584', '::1', '', '{"user_agent":"Mozilla\\/5.0 (Windows NT 6.1; WOW64; rv:37.0) Gecko\\/20100101 Firefox\\/37.0","platform":"Unknown Windows OS","browser":"Firefox"}', 0, 1, 1429269584, 0),
(237, 'fa321cbe2148ed6af879f8f18eba8bb1', 'http://localhost/dentsu.digital/', NULL, 200, 'OK', NULL, '0.31913100 1429269605', '::1', '', '{"user_agent":"Mozilla\\/5.0 (Windows NT 6.1; WOW64; rv:37.0) Gecko\\/20100101 Firefox\\/37.0","platform":"Unknown Windows OS","browser":"Firefox"}', 0, 1, 1429269605, 0),
(238, 'fa321cbe2148ed6af879f8f18eba8bb1', 'http://localhost/dentsu.digital/', NULL, 200, 'OK', NULL, '0.37363100 1429269606', '::1', '', '{"user_agent":"Mozilla\\/5.0 (Windows NT 6.1; WOW64; rv:37.0) Gecko\\/20100101 Firefox\\/37.0","platform":"Unknown Windows OS","browser":"Firefox"}', 0, 1, 1429269606, 0);
INSERT INTO `tbl_server_logs` (`id`, `session_id`, `url`, `user_id`, `http_code`, `status_code`, `bytes_served`, `total_time`, `ip_address`, `referrer`, `user_agent`, `is_mobile`, `status`, `added`, `modified`) VALUES
(239, 'fa321cbe2148ed6af879f8f18eba8bb1', 'http://localhost/dentsu.digital/', NULL, 200, 'OK', NULL, '0.49163100 1429269621', '::1', '', '{"user_agent":"Mozilla\\/5.0 (Windows NT 6.1; WOW64; rv:37.0) Gecko\\/20100101 Firefox\\/37.0","platform":"Unknown Windows OS","browser":"Firefox"}', 0, 1, 1429269621, 0),
(240, 'fa321cbe2148ed6af879f8f18eba8bb1', 'http://localhost/dentsu.digital/', NULL, 200, 'OK', NULL, '0.22163100 1429269636', '::1', '', '{"user_agent":"Mozilla\\/5.0 (Windows NT 6.1; WOW64; rv:37.0) Gecko\\/20100101 Firefox\\/37.0","platform":"Unknown Windows OS","browser":"Firefox"}', 0, 1, 1429269636, 0),
(241, 'fa321cbe2148ed6af879f8f18eba8bb1', 'http://localhost/dentsu.digital/', NULL, 200, 'OK', NULL, '0.52963100 1429269646', '::1', '', '{"user_agent":"Mozilla\\/5.0 (Windows NT 6.1; WOW64; rv:37.0) Gecko\\/20100101 Firefox\\/37.0","platform":"Unknown Windows OS","browser":"Firefox"}', 0, 1, 1429269646, 0),
(242, 'fa321cbe2148ed6af879f8f18eba8bb1', 'http://localhost/dentsu.digital/', NULL, 200, 'OK', NULL, '0.94463100 1429269702', '::1', '', '{"user_agent":"Mozilla\\/5.0 (Windows NT 6.1; WOW64; rv:37.0) Gecko\\/20100101 Firefox\\/37.0","platform":"Unknown Windows OS","browser":"Firefox"}', 0, 1, 1429269703, 0),
(243, 'fa321cbe2148ed6af879f8f18eba8bb1', 'http://localhost/dentsu.digital/', NULL, 200, 'OK', NULL, '0.58413100 1429269741', '::1', '', '{"user_agent":"Mozilla\\/5.0 (Windows NT 6.1; WOW64; rv:37.0) Gecko\\/20100101 Firefox\\/37.0","platform":"Unknown Windows OS","browser":"Firefox"}', 0, 1, 1429269741, 0),
(244, 'fa321cbe2148ed6af879f8f18eba8bb1', 'http://localhost/dentsu.digital/', NULL, 200, 'OK', NULL, '0.79163100 1429269742', '::1', '', '{"user_agent":"Mozilla\\/5.0 (Windows NT 6.1; WOW64; rv:37.0) Gecko\\/20100101 Firefox\\/37.0","platform":"Unknown Windows OS","browser":"Firefox"}', 0, 1, 1429269742, 0),
(245, '5cbe9d1bf209701e8114f6a2563a451e', 'http://localhost/dentsu.digital/', NULL, 200, 'OK', NULL, '0.06348400 1429499606', '::1', '', '{"user_agent":"Mozilla\\/5.0 (Windows NT 6.1; WOW64) AppleWebKit\\/537.36 (KHTML, like Gecko) Chrome\\/42.0.2311.90 Safari\\/537.36","platform":"Unknown Windows OS","browser":"Chrome"}', 0, 1, 1429499625, 0),
(246, '62312461f1016a2e1834a4b99add4498', 'http://localhost/dentsu.digital/', NULL, 200, 'OK', NULL, '0.94892300 1429500167', '::1', '', '{"user_agent":"Mozilla\\/5.0 (Windows NT 6.1; WOW64; rv:37.0) Gecko\\/20100101 Firefox\\/37.0","platform":"Unknown Windows OS","browser":"Firefox"}', 0, 1, 1429500206, 0),
(247, '97f42a0d0eca2d362891f0a7d16523b2', 'http://localhost/dentsu.digital/', NULL, 200, 'OK', NULL, '0.95829200 1429592294', '::1', '', '{"user_agent":"Mozilla\\/5.0 (Windows NT 6.1; WOW64) AppleWebKit\\/537.36 (KHTML, like Gecko) Chrome\\/42.0.2311.90 Safari\\/537.36","platform":"Unknown Windows OS","browser":"Chrome"}', 0, 1, 1429592321, 0),
(248, '3e9d15fa0926d3f3177479d127a2dcb7', 'http://localhost/dentsu.digital/', NULL, 200, 'OK', NULL, '0.48193300 1429613388', '::1', '', '{"user_agent":"Mozilla\\/5.0 (Windows NT 6.1; WOW64) AppleWebKit\\/537.36 (KHTML, like Gecko) Chrome\\/42.0.2311.90 Safari\\/537.36","platform":"Unknown Windows OS","browser":"Chrome"}', 0, 1, 1429613403, 0),
(249, 'f099a90a3461185e996ce58d76d2a29b', 'http://localhost/dentsu.digital/', NULL, 200, 'OK', NULL, '0.86900400 1429624567', '::1', '', '{"user_agent":"Mozilla\\/5.0 (Windows NT 6.1; WOW64) AppleWebKit\\/537.36 (KHTML, like Gecko) Chrome\\/42.0.2311.90 Safari\\/537.36","platform":"Unknown Windows OS","browser":"Chrome"}', 0, 1, 1429624580, 0),
(250, 'd49c32d077d3039019d28b0e47327922', 'http://localhost/dentsu.digital/', NULL, 200, 'OK', NULL, '0.99084600 1429677653', '::1', '', '{"user_agent":"Mozilla\\/5.0 (Windows NT 6.1; WOW64) AppleWebKit\\/537.36 (KHTML, like Gecko) Chrome\\/42.0.2311.90 Safari\\/537.36","platform":"Unknown Windows OS","browser":"Chrome"}', 0, 1, 1429677666, 0),
(251, '492284f5dba5c922185b5534d21b8572', 'http://localhost/dentsu.digital/home', NULL, 200, 'OK', NULL, '0.61240800 1429854899', '::1', '', '{"user_agent":"Mozilla\\/5.0 (Windows NT 6.1; WOW64; rv:37.0) Gecko\\/20100101 Firefox\\/37.0","platform":"Unknown Windows OS","browser":"Firefox"}', 0, 1, 1429854899, 0),
(252, '492284f5dba5c922185b5534d21b8572', 'http://localhost/dentsu.digital/home', NULL, 200, 'OK', NULL, '0.30940800 1429854906', '::1', '', '{"user_agent":"Mozilla\\/5.0 (Windows NT 6.1; WOW64; rv:37.0) Gecko\\/20100101 Firefox\\/37.0","platform":"Unknown Windows OS","browser":"Firefox"}', 0, 1, 1429854906, 0),
(253, '492284f5dba5c922185b5534d21b8572', 'http://localhost/dentsu.digital/home/sdfgsdfgsdfgsdfg', NULL, 200, 'OK', NULL, '0.18640800 1429854910', '::1', '', '{"user_agent":"Mozilla\\/5.0 (Windows NT 6.1; WOW64; rv:37.0) Gecko\\/20100101 Firefox\\/37.0","platform":"Unknown Windows OS","browser":"Firefox"}', 0, 1, 1429854910, 0);

-- --------------------------------------------------------

--
-- Table structure for table `tbl_settings`
--

CREATE TABLE IF NOT EXISTS `tbl_settings` (
  `id` int(11) unsigned NOT NULL AUTO_INCREMENT,
  `parameter` varchar(255) DEFAULT NULL,
  `alias` varchar(255) DEFAULT NULL,
  `value` varchar(1024) DEFAULT NULL,
  `is_system` tinyint(1) DEFAULT '1',
  `input_type` enum('input','textarea','radio','dropdown','timezones') DEFAULT NULL,
  `input_size` enum('large','medium','small') DEFAULT NULL,
  `show_editor` enum('0','1') DEFAULT NULL,
  `is_numeric` enum('0','1') DEFAULT NULL,
  `help_text` varchar(512) DEFAULT NULL,
  `status` tinyint(1) DEFAULT '1',
  `added` int(11) DEFAULT NULL,
  `modified` int(11) DEFAULT NULL,
  PRIMARY KEY (`id`),
  KEY `name` (`parameter`,`status`)
) ENGINE=MyISAM  DEFAULT CHARSET=utf8 AUTO_INCREMENT=27 ;

--
-- Dumping data for table `tbl_settings`
--

INSERT INTO `tbl_settings` (`id`, `parameter`, `alias`, `value`, `is_system`, `input_type`, `input_size`, `show_editor`, `is_numeric`, `help_text`, `status`, `added`, `modified`) VALUES
(1, 'email_marketing', 'Email Marketing', 'marketing@', 1, 'input', 'small', '0', '0', '', 1, 1334835773, NULL),
(2, 'email_administrator', 'Email Administrator', 'administrator@', 1, 'input', 'small', '0', '0', '', 1, 1334835773, 1336122482),
(3, 'email_hrd', 'Email HRD', 'hrd@', 1, 'input', 'small', '0', '0', '', 1, 1334835773, NULL),
(4, 'email_info', 'Email Info', 'info@d3.dentsu.co.id', 1, 'input', 'small', '0', '0', '', 1, 1334835773, NULL),
(5, 'email_template', 'Email Template', 'Dear {user}, This email is sent to you by automaticly, Please not reply this email, Thank you.<br><br><blockquote><blockquote><blockquote><img src="http://www.codeigniter.com/assets/images/ci-logo-big.png" alt=""><br><br></blockquote></blockquote></blockquote>{company}<br>', 1, 'input', 'large', '1', '0', 'This is email template for your contact', 1, 1334835773, 1429097217),
(6, 'maintenance_template', 'Maintenance Mode Template', '<h2>The site is off for <span><h1>MAINTENANCE</h1></span></h2>', 1, 'input', 'large', '1', '0', '', 1, 1334835773, NULL),
(7, 'contactus_address', 'Contact Address', '22nd Floor, Mandiri Tower Plaza Bapindo <br/>\nJl. Jend. Sudirman Kav. 54-55 <br/>\nJakarta 12190, Indonesia', 1, 'input', 'small', '0', '0', '', 1, 1334835773, NULL),
(8, 'contactus_gmap', 'GMaps Location', 'http://maps.google.com/maps?q=-6.217668,106.812992&num=1&t=m&z=18', 1, 'input', 'large', '0', '0', '', 1, 1334835773, NULL),
(9, 'no_phone', 'Number Phone', '(021) 299-501-10 / (021) 526-0286', 1, 'input', 'small', '0', '0', '', 1, 1334835773, NULL),
(10, 'no_fax', 'Number Fax', '(021) 522.3718', 1, 'input', 'small', '0', '0', '', 1, 1334835773, NULL),
(11, 'title_default', 'Website Title Default', 'Mempersembahkan Rasa yang Digemari dalam Budaya Makan Indonesia', 1, 'input', 'medium', '0', '0', '', 1, NULL, 1432714407),
(12, 'title_name', 'Company Title Name', 'PT. Default (Web Agency in Jakarta)', 1, 'input', 'medium', '0', '0', '', 1, NULL, 1336118568),
(13, 'language', 'Default Site Language', 'en', 1, 'input', 'small', '0', '0', 'Default language set', 1, NULL, 1429598740),
(14, 'counter', 'Site Counter', '123', 1, 'input', 'large', '0', '0', '', 1, NULL, 1336118568),
(15, 'copyright', 'Copyright', ' 2012 COMPANY NAME COPYRIGHT. All Rights Reserved.', 1, 'input', 'large', '0', '0', '', 1, NULL, 1336118568),
(16, 'site_name', 'Site Name', ' Default <br/> PT. Default (Web Agency in Jakarta).', 1, 'input', 'medium', '0', '0', '', 1, NULL, 1336118568),
(17, 'site_quote', 'Quote', 'We provide solution for your Websites', 1, 'input', 'large', '0', '0', '', 1, NULL, 1336118568),
(18, 'site_description', 'Website Description', 'We provide solution for your Company Website ', 1, 'input', 'large', '0', '0', '', 1, NULL, 1336118568),
(19, 'socmed_facebook', 'Facebook', 'http://facebook.com', 1, 'input', 'large', '0', '0', '', 1, NULL, 1336118568),
(20, 'socmed_twitter', 'Twitter', 'http://twitter.com', 1, 'input', 'large', '0', '0', '', 1, NULL, 1336118568),
(21, 'socmed_gplus', 'Google Plus', 'http://plus.google.com', 1, 'input', 'large', '0', '0', '', 1, NULL, 1336118568),
(22, 'socmed_linkedin', 'LinkedIn', 'http://linkedin.com', 1, 'input', 'large', '0', '0', '', 1, NULL, 1424754067),
(23, 'socmed_pinterest', 'Pinterest', 'http://pinterest.com', 1, 'input', 'large', '0', '0', '', 1, NULL, 1336118568),
(24, 'registered_mark', 'Registered', 'We provide solution for your Websites', 1, 'input', 'large', '0', '0', '', 1, NULL, 1336118568),
(25, 'google_analytics', 'Analytics', 'Code Snippet', 1, 'input', 'large', '0', '0', '', 1, NULL, 1336118568),
(26, 'ext_link', 'Ext Link', 'http://www.apb-career.net', 1, 'input', 'large', '0', '0', '', 1, NULL, 1423732944);

-- --------------------------------------------------------

--
-- Table structure for table `tbl_translations`
--

CREATE TABLE IF NOT EXISTS `tbl_translations` (
  `id` int(11) unsigned NOT NULL AUTO_INCREMENT,
  `table` varchar(64) DEFAULT NULL,
  `field_id` int(11) unsigned DEFAULT NULL,
  `lang_id` int(11) NOT NULL,
  `name` varchar(255) DEFAULT NULL,
  `subject` varchar(255) DEFAULT NULL,
  `url` varchar(255) DEFAULT NULL,
  `synopsis` text,
  `text` text,
  `attribute` text,
  `user_id` tinyint(3) DEFAULT NULL,
  `count` int(11) DEFAULT NULL,
  `status` tinyint(1) DEFAULT NULL,
  `added` int(11) DEFAULT NULL,
  `modified` int(11) DEFAULT NULL,
  PRIMARY KEY (`id`),
  KEY `category_id` (`field_id`,`name`)
) ENGINE=MyISAM  DEFAULT CHARSET=utf8 AUTO_INCREMENT=33 ;

--
-- Dumping data for table `tbl_translations`
--

INSERT INTO `tbl_translations` (`id`, `table`, `field_id`, `lang_id`, `name`, `subject`, `url`, `synopsis`, `text`, `attribute`, `user_id`, `count`, `status`, `added`, `modified`) VALUES
(1, 'tbl_pages', 1, 1, NULL, 'Kewpie sekarang hadir di indonesia', 'kewpie-sekarang-hadir-di-indonesia', '<p>\n	Kewpie sekarang hadir di indonesia</p>\n', '<p>\n	Kewpie sekarang hadir di indonesia. Lorem Ipsum is simply dummy text of the printing and typesetting industry. Lorem Ipsum has been the industry''s standard dummy text ever since the 1500s, when an unknown printer took a galley of type and scrambled it to make a type specimen book. It has survived not only five centuries, but also the leap into electronic typesetting, remaining essentially unchanged. It was popularised in the 1960s with the release of Letraset sheets containing Lorem Ipsum passages, and more recently with desktop publishing software like Aldus PageMaker including versions of Lorem Ipsum.</p>\n', NULL, 1, NULL, 0, 1432742665, 1432744175),
(2, 'tbl_pages', 8, 1, NULL, 'Mayonais', 'mayonais', '<p>\n	Mayonais</p>\n', '<p>\n	Mayonais</p>\n', NULL, 1, NULL, 0, 1432742735, 1432742819),
(5, 'tbl_page_menus', 2, 1, NULL, 'Produk Kami', 'produk-kami', NULL, '<p>\n	Produk PT. Kewpie INDONESIA mendapatkan sertifikasi Halal dan NKV, dan mulai penjualan produk Food Service.</p>\n', NULL, 1, NULL, 1, 1432743088, 1432751501),
(6, 'tbl_page_menus', 3, 1, NULL, 'Di dalam KEWPIE', 'di-dalam-kewpie', NULL, '<h2>\n	KEWPIE Indonesia</h2>\n<p>\n	<br />\n	PT. KEWPIE INDONESIA berdiri pada tahun 2013 dan memulai penjualan pertama khusus Food Service pada bulan Oktober 2014 . Dengan sertifikat halal dan NKV, Kewpie Indonesia menyediakan produk makanan halal, aman serta berkualitas untuk masyarakat Indonesia.<br />\n	&nbsp;</p>\n<h2>\n	Sejarah Perusahaan</h2>\n<p>\n	<br />\n	<strong>1919</strong><br />\n	<br />\n	Shokuhin Kogyo Co., Ltd, perusahaan awal yang sekarang disebut KEWPIE Corporation berdiri di Otaki-cho, Nakano-ku, Tokyo dan mulai memproduksi serta mengolah berbagai macam produk makanan.<br />\n	<br />\n	<strong>1925</strong><br />\n	<br />\n	Penjualan KEWPIE Mayonnaise dimulai. Mayonais Kewpie dijual dalam kemasan toples kaca dengan berat 100 gram dan 128 gram, serta merupakan mayonaiss dalam kemasan toples pertama di Jepang.<br />\n	<br />\n	<strong>1957</strong><br />\n	<br />\n	Perusahaan berganti nama menjadi KEWPIE Corporation, sesuai dengan nama merek mayonais yang sudah terkenal.<br />\n	<br />\n	<strong>2013</strong><br />\n	<br />\n	PT. KEWPIE INDONESIA berdiri.<br />\n	<br />\n	<strong>2014</strong><br />\n	<br />\n	Produk-produk PT. KEWPIE INDONESIA mendapatkan sertifikasi Halal dan NKV, serta memulai penjualan untuk produk Food Service.<br />\n	<br />\n	<strong>2015</strong><br />\n	<br />\n	Penjualan produk retail PT. KEWPIE INDONESIA dimulai.<br />\n	&nbsp;</p>\n<h2>\n	Sertifikasi Halal dan NKV</h2>\n<p>\n	Seluruh produk Kewpie Indonesia bersertifikat halal resmi yang dikeluarkan oleh LPPOM MUI. Produk-produk yang berbahan dasar telur telah memiliki NKV resmi.</p>\n<p>\n	&nbsp;</p>\n<p>\n	&nbsp;</p>\n<p>\n	&nbsp;</p>\n<p>\n	&nbsp;</p>\n<p>\n	&nbsp;</p>\n<p>\n	&nbsp;</p>\n', NULL, 1, NULL, 1, 1432743463, 1432754614),
(7, 'tbl_page_menus', 4, 1, NULL, 'Resep', 'resep', NULL, '<p>\n	Resep</p>\n', NULL, 1, NULL, 1, 1432743483, 1432756684),
(8, 'tbl_page_menus', 5, 1, NULL, 'Siapa Kami', 'siapa-kami', NULL, '<p>\n	Siapa Kami</p>\n', NULL, 1, NULL, 1, 1432743493, 1432756691),
(9, 'tbl_page_menus', 6, 1, NULL, 'Berita Terbaru', 'berita-terbaru', NULL, '<p>\n	Berita Terbaru</p>\n', NULL, 1, NULL, 1, 1432743507, 1432756696),
(10, 'tbl_page_menus', 1, 1, NULL, 'Beranda', 'beranda', NULL, '<p>\n	Beranda</p>\n', NULL, 1, NULL, 1, 1432743518, 1432756702),
(14, 'tbl_products', 2, 1, NULL, 'Tipe yg lembut', 'tipe-yg-lembut', '<p>\n	Tipe yg lembut</p>\n', '<p>\n	Tipe yg lembut</p>\n', NULL, 1, NULL, 0, 1432744963, 1432744964),
(13, 'tbl_products', 1, 1, NULL, 'Ala Orang Jepang', 'ala-orang-jepang', '<p>\n	Ala Orang Jepang</p>\n', '<p>\n	Ala Orang Jepang</p>\n', NULL, 1, NULL, 0, 1432744925, 1432744942),
(15, 'tbl_products', 14, 1, NULL, 'Mayonais', 'mayonais', '<p>\n	Mayonais</p>\n', '<p>\n	Mayonais</p>\n', NULL, 1, NULL, 0, 1432744987, 1432744987),
(16, 'tbl_products', 15, 1, NULL, 'Saus Tiram', 'saus-tiram', '<p>\n	Saus Tiram</p>\n', '<p>\n	Saus Tiram</p>\n', NULL, 1, NULL, 0, 1432745001, 1432745001),
(17, 'tbl_products', 16, 1, NULL, 'Olesan Sandwich', 'olesan-sandwich', '<p>\n	Sandwich Tebar</p>\n', '<p>\n	Olesan Sandwich</p>\n', NULL, 1, NULL, 0, 1432745011, 1432814834),
(18, 'tbl_products', 17, 1, NULL, 'Saus Manis', 'saus-manis', '<p>\n	Saus Manis</p>\n', '<p>\n	Saus Manis</p>\n', NULL, 1, NULL, 0, 1432745070, 1432745070),
(19, 'tbl_product_categories', 1, 1, NULL, 'Mayonais', '', NULL, '<p>\n	Mayonais</p>\n', NULL, 1, NULL, 1, 1432745302, 1432745416),
(20, 'tbl_product_categories', 2, 1, NULL, 'Atasan', '', NULL, '<p>\n	Atasan</p>\n', NULL, 1, NULL, 1, 1432745429, 1432745429),
(21, 'tbl_product_categories', 3, 1, NULL, 'Sebaran', '', NULL, '<p>\n	Sebaran</p>\n', NULL, 1, NULL, 1, 1432745442, 1432745442),
(22, 'tbl_product_categories', 4, 1, NULL, 'Layanan Makanan', 'layanan-makanan', NULL, '<p>\n	Lorem ipsum dolor sit amet, consectetur adipiscing elit. Aenean at faucibus enim. Sed vel tempor elit, nec eleifend justo. Nullam varius a tortor quis imperdiet. Vivamus ac faucibus nulla. Vestibulum gravida ultricies magna,</p>\n', NULL, 1, NULL, 1, 1432745449, 1432802463),
(23, 'tbl_pages', 12, 1, NULL, 'KEWPIE Mayonnaise Origins', 'kewpie-mayonnaise-origins', '<p>\n	Dikatakan bahwa mayonnaise yang sengaja dibuat oleh koki Perancis Duke de Richelieu di abad ke-18 pertengahan. Alih-alih menggunakan krim, koki menggunakan minyak dan telur ketika membuat Duke kemenangan pesta. Dia begitu senang dengan penciptaan yang bernama &quot;Mahonnaise&quot; untuk menghormati kekalahan Duke dari Inggris di Pelabuhan Mahon, Menorca.<br />\n	<br />\n	Mr Nakashima Toichiro (pendiri Kewpie Corporation) belajar tentang mayones 160 tahun kemudian ketika ia melakukan perjalanan ke Amerika Serikat untuk belajar tentang makanan kaleng. Saat itu, Amerika sering makan sayuran dengan dressing yang berisi mayones. Mr Nakashima kemudian kembali ke Jepang untuk mengembangkan mayones bergizi yang tinggi kandungan kuning telur, akhirnya menjual bumbu Barat ke Jepang pada tahun 1925. Kewpie Mayonnaise kemudian akan pergi untuk menangkap hati pecinta mayones di seluruh dunia.</p>\n', '<p>\n	Dikatakan bahwa mayonnaise yang sengaja dibuat oleh koki Perancis Duke de Richelieu di abad ke-18 pertengahan. Alih-alih menggunakan krim, koki menggunakan minyak dan telur ketika membuat Duke kemenangan pesta. Dia begitu senang dengan penciptaan yang bernama &quot;Mahonnaise&quot; untuk menghormati kekalahan Duke dari Inggris di Pelabuhan Mahon, Menorca.<br />\n	<br />\n	Mr Nakashima Toichiro (pendiri Kewpie Corporation) belajar tentang mayones 160 tahun kemudian ketika ia melakukan perjalanan ke Amerika Serikat untuk belajar tentang makanan kaleng. Saat itu, Amerika sering makan sayuran dengan dressing yang berisi mayones. Mr Nakashima kemudian kembali ke Jepang untuk mengembangkan mayones bergizi yang tinggi kandungan kuning telur, akhirnya menjual bumbu Barat ke Jepang pada tahun 1925. Kewpie Mayonnaise kemudian akan pergi untuk menangkap hati pecinta mayones di seluruh dunia.</p>\n', NULL, 1, NULL, 0, 1432767369, 1432815012),
(24, 'tbl_pages', 13, 1, NULL, 'Ada apa di Mayonais Kami', 'ada-apa-di-mayonais-kami', '<p>\n	Ada apa di Mayonais Kami</p>\n', '<p>\n	Ada apa di Mayoais Kami</p>\n', NULL, 1, NULL, 0, 1432768802, 1432787422),
(25, 'tbl_pages', 14, 1, NULL, 'Pembungkus & Penyimpanan', 'pembungkus-penyimpanan', '<p>\n	Pembungkus &amp; Penyimpanan</p>\n', '<p>\n	Pembungkus &amp; Penyimpanan</p>\n', NULL, 1, NULL, 0, 1432789092, 1432789097),
(26, 'tbl_products', 18, 1, NULL, 'Kewpie Mayo Serbaguna', 'kewpie-mayo-serbaguna', NULL, '<p>\n	Kami menyediakan produk-produk yang disesuaikan dengan kebutuhan food service atau bisnis makanan. Terdiri dari Mayonnaise, Dressing dan Cooking Sauce, kami dapat mendukung penciptaan makanan berkualitas dalam bisnis Anda. Informasi selanjutnya</p>\n', '<div class="panel panel-primary" style="border: none;">\n	<div class="controle-header panel-heading panel-heading-landing">\n		<h3 class="panel-title panel-title-landing">\n			Komposisi Rata-rata Per 25ml</h3>\n	</div>\n	<!-- <div class="controle-panel-heading panel-heading panel-heading-landing-box">\n                                                    Best Choice\n                                                </div> -->\n	<div class="panel-body panel-body-landing">\n		<table class="table">\n			<tbody>\n				<tr>\n					<td>\n						Energi (kcal)</td>\n					<td width="50px">\n						90</td>\n				</tr>\n				<tr>\n					<td>\n						Protein (g)</td>\n					<td width="50px">\n						90</td>\n				</tr>\n				<tr>\n					<td>\n						Lemak (g)</td>\n					<td width="50px">\n						90</td>\n				</tr>\n				<tr>\n					<td>\n						Kabohidrat (g)</td>\n					<td width="50px">\n						90</td>\n				</tr>\n			</tbody>\n		</table>\n	</div>\n	<div class="panel-footer panel-footer-landing">\n		<a class="btn btn-price btn-danger" href="#">Resep</a></div>\n</div>\n<p>\n	&nbsp;</p>\n', 1, NULL, 0, 1432801821, 1432806511),
(27, 'tbl_products', 13, 1, NULL, 'Layanan Makanan', 'layanan-makanan', NULL, '<p>\n	Layanan Makanan</p>\n', NULL, 1, NULL, 0, 1432801936, 1432801937),
(28, 'tbl_product_recipes', 1, 1, NULL, 'Makanan rumah ala jepang', 'makanan-rumah-ala-jepang', '<p>\n	Makanan rumah ala jepang</p>\n', '<p>\n	Makanan rumah ala jepang</p>\n', NULL, 1, NULL, 0, 1432809431, 1432809431),
(29, 'tbl_product_recipes', 2, 1, NULL, 'Makanan Rumahan Ala Kewpie', 'makanan-rumahan-ala-kewpie', '<p>\n	Makanan Rumahan Ala Kewpie</p>\n', '<p>\n	Makanan Rumahan Ala Kewpie</p>\n', NULL, 1, NULL, 0, 1432814048, 1432818084),
(30, 'tbl_product_recipes', 3, 1, NULL, 'Makanan Rumah Ala Jepang', 'makanan-rumah-ala-jepang', '<p>\n	Makanan Rumah Ala Jepang</p>\n', '<p>\n	Makanan Rumah Ala Jepang</p>\n', NULL, 1, NULL, 0, 1432814051, 1432818055),
(31, 'tbl_product_recipes', 4, 1, NULL, 'Peperoni Pizza Mini', 'peperoni-pizza-mini', NULL, '<p>\n	Nikmati pizza mini buatan ini dengan menyiapkan beberapa bahan sederhana sebelum dipanggang dalam oven pemanggang roti Anda. Resep ini menggunakan irisan pepperoni dan Kewpie SANDWICH OLESAN PEDAS LADA HITAM</p>\n', NULL, 1, NULL, 0, 1432818645, 1432818645),
(32, 'tbl_product_recipes', 5, 1, NULL, 'Nasi Goreng Ala Kewpie', 'nasi-goreng-ala-kewpie', NULL, '<p>\n	Nasi Goreng Ala Kewpie</p>\n', NULL, 1, NULL, 0, 1432821791, 1432821791);

-- --------------------------------------------------------

--
-- Table structure for table `tbl_users`
--

CREATE TABLE IF NOT EXISTS `tbl_users` (
  `id` int(6) NOT NULL AUTO_INCREMENT,
  `username` char(64) CHARACTER SET latin1 NOT NULL,
  `email` varchar(64) CHARACTER SET latin1 NOT NULL,
  `password` char(124) CHARACTER SET latin1 NOT NULL,
  `group_id` tinyint(1) unsigned NOT NULL,
  `last_login` int(11) NOT NULL,
  `logged_in` int(1) NOT NULL,
  `status` tinyint(1) NOT NULL DEFAULT '1',
  `session_id` varchar(160) NOT NULL,
  `added` int(11) NOT NULL,
  `modified` int(11) NOT NULL,
  PRIMARY KEY (`id`)
) ENGINE=MyISAM  DEFAULT CHARSET=utf8 AUTO_INCREMENT=46 ;

--
-- Dumping data for table `tbl_users`
--

INSERT INTO `tbl_users` (`id`, `username`, `email`, `password`, `group_id`, `last_login`, `logged_in`, `status`, `session_id`, `added`, `modified`) VALUES
(1, 'admin', 'admin@admin.com', 'dd94709528bb1c83d08f3088d4043f4742891f4f', 1, 1432809380, 1, 1, '2d5f73503d3c560dcabe39985dcf0dbf', 0, 0),
(2, 'joni', 'admin1@admin.com', '9003d1df22eb4d3820015070385194c8', 2, 1417003004, 0, 0, '', 0, 1429262613),
(3, 'qc9080', 'asdf@asdf.com', 'fb00378895cf135de3b135f385c0012f3823e4fb', 116, 1417001008, 0, 1, '', 1425031512, 1424689343),
(29, 'dyarfi', 'dyarfi20@gmail.com', '647dc5d75f6ce3c6a859eb3b91fa6ccaab05b245', 116, 0, 0, 1, '', 1417065898, 0),
(7, 'gmp1234', 'defrian.yarfi@gmail.com', '4d60cf3ac1381a533090412a84466000437eee1f', 116, 1417003001, 0, 1, '', 1425031542, 0),
(42, 'dyarfi20@gmail.com', 'dyarfi20@gmail.com', '8f956a5c8346e1909dce9a2aea8839d6f05e8ce1', 100, 0, 0, 1, '', 1425270772, 0),
(43, 'defrian.yarfi@gmail.com', 'defrian.yarfi@gmail.com', 'a49c1b8e9e2b8d49e78194b07fcaa045204647d3', 100, 0, 0, 1, '', 1425270783, 0),
(45, 'defrian.yarfi@gmail.com', 'defrian.yarfi@gmail.com', 'a49c1b8e9e2b8d49e78194b07fcaa045204647d3', 100, 0, 0, 1, '', 1425271011, 0),
(44, 'dyarfi20@gmail.com', 'dyarfi20@gmail.com', '8f956a5c8346e1909dce9a2aea8839d6f05e8ce1', 100, 0, 0, 1, '', 1425271008, 0);

-- --------------------------------------------------------

--
-- Table structure for table `tbl_user_groups`
--

CREATE TABLE IF NOT EXISTS `tbl_user_groups` (
  `id` int(11) unsigned NOT NULL AUTO_INCREMENT,
  `name` varchar(32) NOT NULL,
  `backend_access` tinyint(1) DEFAULT NULL,
  `full_backend_access` tinyint(1) DEFAULT NULL,
  `status` tinyint(1) NOT NULL DEFAULT '1',
  `is_system` tinyint(1) NOT NULL DEFAULT '0',
  `added` int(11) unsigned NOT NULL,
  `modified` int(11) unsigned NOT NULL,
  PRIMARY KEY (`id`),
  KEY `parent_id` (`status`)
) ENGINE=MyISAM  DEFAULT CHARSET=utf8 AUTO_INCREMENT=117 ;

--
-- Dumping data for table `tbl_user_groups`
--

INSERT INTO `tbl_user_groups` (`id`, `name`, `backend_access`, `full_backend_access`, `status`, `is_system`, `added`, `modified`) VALUES
(1, 'Super Administrator', 1, 1, 1, 1, 1416499923, 0),
(2, 'Administrator', 1, 1, 1, 1, 1416499923, 0),
(99, 'User', 0, 0, 1, 1, 1416499923, 0),
(111, 'Manager', 1, 1, 0, 0, 0, 1425371383),
(112, 'Executive', 0, 0, 1, 0, 0, 0),
(113, 'Director', 0, 0, 1, 0, 0, 0),
(114, 'General', 0, 0, 1, 0, 0, 1424689329),
(116, 'Publisher', 1, 1, 1, 0, 0, 0),
(100, 'Employee', 1, NULL, 1, 0, 0, 0);

-- --------------------------------------------------------

--
-- Table structure for table `tbl_user_histories`
--

CREATE TABLE IF NOT EXISTS `tbl_user_histories` (
  `id` int(11) unsigned NOT NULL AUTO_INCREMENT,
  `module` varchar(24) NOT NULL,
  `user_id` int(11) unsigned NOT NULL,
  `controller` varchar(160) NOT NULL,
  `action` char(20) DEFAULT NULL,
  `time` int(11) unsigned NOT NULL,
  PRIMARY KEY (`id`),
  KEY `id` (`id`,`module`,`user_id`)
) ENGINE=MyISAM  DEFAULT CHARSET=utf8 AUTO_INCREMENT=3 ;

--
-- Dumping data for table `tbl_user_histories`
--

INSERT INTO `tbl_user_histories` (`id`, `module`, `user_id`, `controller`, `action`, `time`) VALUES
(1, 'user', 1, 'history', 'index', 1416281220),
(2, 'user', 1, 'history', 'index', 1416281220);

-- --------------------------------------------------------

--
-- Table structure for table `tbl_user_profiles`
--

CREATE TABLE IF NOT EXISTS `tbl_user_profiles` (
  `user_id` int(11) unsigned NOT NULL,
  `gender` tinyint(1) NOT NULL DEFAULT '1',
  `about` text,
  `first_name` varchar(64) DEFAULT NULL,
  `last_name` varchar(64) DEFAULT NULL,
  `division` varchar(64) DEFAULT NULL,
  `country` varchar(64) DEFAULT NULL,
  `state` varchar(64) DEFAULT NULL,
  `city` varchar(128) DEFAULT NULL,
  `address` text,
  `postal_code` varchar(8) DEFAULT NULL,
  `birthday` date DEFAULT NULL,
  `phone` varchar(16) DEFAULT NULL,
  `mobile_phone` varchar(16) DEFAULT NULL,
  `fax` varchar(16) DEFAULT NULL,
  `website` varchar(255) DEFAULT NULL,
  `file_type` varchar(64) DEFAULT NULL,
  `file_name` varchar(48) DEFAULT NULL,
  `status` tinyint(1) NOT NULL DEFAULT '1',
  `added` int(11) unsigned NOT NULL,
  `modified` int(11) unsigned NOT NULL,
  KEY `user_id` (`user_id`,`phone`)
) ENGINE=MyISAM DEFAULT CHARSET=utf8;

--
-- Dumping data for table `tbl_user_profiles`
--

INSERT INTO `tbl_user_profiles` (`user_id`, `gender`, `about`, `first_name`, `last_name`, `division`, `country`, `state`, `city`, `address`, `postal_code`, `birthday`, `phone`, `mobile_phone`, `fax`, `website`, `file_type`, `file_name`, `status`, `added`, `modified`) VALUES
(1, 1, 'Top Administrator of this website and portal', 'Administrator', 'Website', 'Web Programmer', 'DKI Jakarta', 'Jakarta', 'Jl. Gading Putih 1 F2 No. 4', '14240', '', '2010-09-06', '1234', '081807244697', '0', 'http://google.com', 'image/jpeg', 'Muhammed-Ali-Career-In-Pictures.jpg', 1, 1283760138, 1428304456),
(2, 1, 'Administrator of this Website', '', '', 'Web Designer', 'DKI Jakarta', 'Jakarta', 'Jl. Gading Putih 1 F2 No. 4', '14240', '', '2010-09-06', '1234', '081807244697', '0', '', 'image/jpeg', '78d57b4b5a0c6048b75bb0c9d91a8392.jpg', 0, 1283760138, 1429262613),
(3, 1, 'User of this Website', 'Administrator', 'Viewers', 'Jakarta', '', '', 'Jl. Pulomas Barat 1 No. 31', '', '', '2012-02-12', '1234', NULL, NULL, NULL, 'image/jpeg', 'a8a484572c007e1e17648ae2c7ad629c.jpg', 1, 1425031512, 1424689343),
(28, 1, 'Test', 'Public', 'Viewers', 'Web Programmer', NULL, NULL, NULL, NULL, NULL, '0000-00-00', '909090090', '909090090', NULL, NULL, NULL, NULL, 1, 1424854403, 1424689343),
(29, 1, 'Web Programmer not a full stack', 'Defrian', 'Yarfi', 'Web Programmer', NULL, NULL, NULL, NULL, NULL, '0000-00-00', '081807244697', '081807244697', NULL, NULL, NULL, NULL, 1, 1417065898, 0),
(44, 1, NULL, 'Dyarfi 20 Defrian Yarfi', NULL, NULL, NULL, NULL, NULL, NULL, NULL, NULL, '647474747', NULL, NULL, NULL, NULL, '20131013_142521a.jpg', 1, 1425271008, 0),
(45, 1, NULL, 'Defrian Yarfi', NULL, NULL, NULL, NULL, NULL, NULL, NULL, NULL, '647474747', NULL, NULL, NULL, NULL, '3b394-1513781_10205610488526266_3600135193534162', 1, 1425271011, 0);

/*!40101 SET CHARACTER_SET_CLIENT=@OLD_CHARACTER_SET_CLIENT */;
/*!40101 SET CHARACTER_SET_RESULTS=@OLD_CHARACTER_SET_RESULTS */;
/*!40101 SET COLLATION_CONNECTION=@OLD_COLLATION_CONNECTION */;
