-- phpMyAdmin SQL Dump
-- version 3.5.8.1
-- http://www.phpmyadmin.net
--
-- Host: localhost
-- Generation Time: May 28, 2015 at 02:44 PM
-- Server version: 5.5.40
-- PHP Version: 5.4.38

SET SQL_MODE="NO_AUTO_VALUE_ON_ZERO";
SET time_zone = "+00:00";


/*!40101 SET @OLD_CHARACTER_SET_CLIENT=@@CHARACTER_SET_CLIENT */;
/*!40101 SET @OLD_CHARACTER_SET_RESULTS=@@CHARACTER_SET_RESULTS */;
/*!40101 SET @OLD_COLLATION_CONNECTION=@@COLLATION_CONNECTION */;
/*!40101 SET NAMES utf8 */;

--
-- Database: `dentsu_kewpie.co.id`
--

-- --------------------------------------------------------

--
-- Table structure for table `tbl_captcha`
--

CREATE TABLE IF NOT EXISTS `tbl_captcha` (
  `id` int(11) unsigned NOT NULL AUTO_INCREMENT,
  `time` int(11) DEFAULT NULL,
  `ip_address` varchar(16) DEFAULT NULL,
  `word` varchar(10) DEFAULT NULL,
  PRIMARY KEY (`id`)
) ENGINE=MyISAM  DEFAULT CHARSET=utf8 AUTO_INCREMENT=514 ;

--
-- Dumping data for table `tbl_captcha`
--

INSERT INTO `tbl_captcha` (`id`, `time`, `ip_address`, `word`) VALUES
(513, 1432789550, '::1', 'SCZfG');

-- --------------------------------------------------------

--
-- Table structure for table `tbl_ci_sessions`
--

CREATE TABLE IF NOT EXISTS `tbl_ci_sessions` (
  `session_id` varchar(40) NOT NULL DEFAULT '0',
  `ip_address` varchar(45) NOT NULL DEFAULT '0',
  `user_agent` varchar(120) NOT NULL,
  `last_activity` int(10) unsigned NOT NULL DEFAULT '0',
  `user_data` text NOT NULL,
  PRIMARY KEY (`session_id`),
  KEY `last_activity_idx` (`last_activity`)
) ENGINE=InnoDB DEFAULT CHARSET=utf8;

--
-- Dumping data for table `tbl_ci_sessions`
--

INSERT INTO `tbl_ci_sessions` (`session_id`, `ip_address`, `user_agent`, `last_activity`, `user_data`) VALUES
('9f86cb719e639a7773b96babfde97568', '::1', 'Mozilla/5.0 (Macintosh; Intel Mac OS X 10.7; rv:38.0) Gecko/20100101 Firefox/38.0', 1432789824, 'a:2:{s:9:"user_data";s:0:"";s:8:"language";s:2:"en";}'),
('d301f41a78ef8b525f73e8d723735a11', '::1', 'Mozilla/5.0 (Macintosh; Intel Mac OS X 10.7; rv:38.0) Gecko/20100101 Firefox/38.0', 1432798347, 'a:7:{s:9:"user_data";s:0:"";s:8:"curr_url";s:56:"admin-panel/product_category/detail/update_validation/22";s:8:"prev_url";s:56:"admin-panel/product_category/detail/update_validation/22";s:11:"module_list";s:526:"{"Admin":{"dashboard{{slash}}/index":"Dashboard Panel","user{{slash}}/index":"Users","usergroup{{slash}}/index":"User Groups","language{{slash}}/index":"Languages","setting{{slash}}/index":"Settings","serverlog{{slash}}/index":"Server Logs"},"Module":{"modulelist{{slash}}/index":"Modules List"},"Page":{"page{{slash}}/index":"Pages","pagemenu{{slash}}/index":"Page Menus"},"Product":{"product{{slash}}/index":"Product","product_category{{slash}}/index":"Product Categories","product_recipe{{slash}}/index":"Product Recipes"}}";s:20:"module_function_list";s:4895:"{"Admin":{"dashboard{{slash}}/index":"Dashboard Panel","user{{slash}}/index":"Users","usergroup{{slash}}/index":"User Groups","language{{slash}}/index":"Languages","setting{{slash}}/index":"Settings","serverlog{{slash}}/index":"Server Logs","dashboard{{slash}}/add":"Add New Dashboard","dashboard{{slash}}/view":"View Dashboard","dashboard{{slash}}/edit":"Edit Dashboard","dashboard{{slash}}/delete":"Delete Dashboard","dashboard{{slash}}/change":"Change Dashboard Status","user{{slash}}/add":"Add User","user{{slash}}/view":"View User","user{{slash}}/edit":"Edit User","user{{slash}}/delete":"Delete User","user{{slash}}/change":"Change User Status","user{{slash}}/image":"Change User Image","user{{slash}}/upload":"Upload User Image","usergroup{{slash}}/add":"Add User Group","usergroup{{slash}}/view":"View User Group","usergroup{{slash}}/edit":"Edit User Group","usergroup{{slash}}/delete":"Delete User Group","usergroup{{slash}}/change":"Change User Group Status","language{{slash}}/add":"Add Language","language{{slash}}/view":"View Language","language{{slash}}/edit":"Edit Language","language{{slash}}/delete":"Delete Language","language{{slash}}/change":"Change Language Status","setting{{slash}}/add":"Add Setting","setting{{slash}}/view":"View Setting","setting{{slash}}/edit":"Edit Setting","setting{{slash}}/delete":"Delete Setting","setting{{slash}}/change":"Change Setting Status","serverlog{{slash}}/view":"View Server Log","serverlog{{slash}}/edit":"Edit Server Log","serverlog{{slash}}/delete":"Delete Server Log","serverlog{{slash}}/trash":"Trash Server Log"},"Module":{"modulelist{{slash}}/edit":"Edit Module","modulelist{{slash}}/trash":"Delete User Permission"},"Page":{"page{{slash}}/index":"Pages","pagemenu{{slash}}/index":"Page Menus","page{{slash}}/index{{slash}}/add":"Add Page","page{{slash}}/index{{slash}}/view":"View Page","page{{slash}}/index{{slash}}/edit":"Edit Page","page{{slash}}/index{{slash}}/delete":"Delete Page","page{{slash}}/detail":"Detail Page","page{{slash}}/translate":"Translate Page","page{{slash}}/index{{slash}}/change":"Change Page Status","page{{slash}}/index{{slash}}/export":"Export Page","page{{slash}}/index{{slash}}/print":"Print Page","page_gallery{{slash}}/index":"Gallery","page_gallery{{slash}}/index{{slash}}/add":"Add Gallery","page_gallery{{slash}}/index{{slash}}/view":"View Gallery","page_gallery{{slash}}/index{{slash}}/edit":"Edit Gallery","page_gallery{{slash}}/index{{slash}}/delete":"Delete Gallery","page_gallery{{slash}}/index{{slash}}/change":"Change Gallery","page_gallery{{slash}}/index{{slash}}/export":"Export Gallery","page_gallery{{slash}}/index{{slash}}/print":"Print Gallery","pagemenu{{slash}}/index{{slash}}/add":"Add Page Menu","pagemenu{{slash}}/index{{slash}}/view":"View Page Menu","pagemenu{{slash}}/index{{slash}}/edit":"Edit Page Menu","pagemenu{{slash}}/index{{slash}}/delete":"Delete Page Menu","pagemenu{{slash}}/detail":"Detail Page Menu","pagemenu{{slash}}/translate":"Translate Page Menu","pagemenu{{slash}}/index{{slash}}/change":"Change Page Menu Status","pagemenu{{slash}}/index{{slash}}/export":"Export Page Menu","pagemenu{{slash}}/index{{slash}}/print":"Print Page Menu"},"Product":{"product{{slash}}/index":"Product","product_category{{slash}}/index":"Product Categories","product_recipe{{slash}}/index":"Product Recipes","product{{slash}}/index{{slash}}/add":"Add Product","product{{slash}}/index{{slash}}/view":"View Product","product{{slash}}/index{{slash}}/edit":"Edit Product","product{{slash}}/index{{slash}}/delete":"Delete Product","product{{slash}}/detail":"Detail Product","product{{slash}}/translate":"Translate Product","product{{slash}}/index{{slash}}/change":"Change Product Status","product{{slash}}/index{{slash}}/export":"Export Product","product{{slash}}/index{{slash}}/print":"Print Product","product_gallery{{slash}}/index":"Gallery","product_gallery{{slash}}/index{{slash}}/add":"Add Gallery","product_gallery{{slash}}/index{{slash}}/view":"View Gallery","product_gallery{{slash}}/index{{slash}}/edit":"Edit Gallery","product_gallery{{slash}}/index{{slash}}/delete":"Delete Gallery","product_gallery{{slash}}/index{{slash}}/change":"Change Gallery","product_gallery{{slash}}/index{{slash}}/export":"Export Gallery","product_gallery{{slash}}/index{{slash}}/print":"Print Gallery","product_category{{slash}}/index{{slash}}/add":"Add Page Menu","product_category{{slash}}/index{{slash}}/view":"View Page Menu","product_category{{slash}}/index{{slash}}/edit":"Edit Page Menu","product_category{{slash}}/index{{slash}}/delete":"Delete Page Menu","product_category{{slash}}/detail":"Detail Page Menu","product_category{{slash}}/translate":"Translate Page Menu","product_category{{slash}}/index{{slash}}/change":"Change Page Menu Status","product_category{{slash}}/index{{slash}}/export":"Export Page Menu","product_category{{slash}}/index{{slash}}/print":"Print Page Menu"}}";s:12:"user_session";O:8:"stdClass":8:{s:2:"id";s:1:"1";s:8:"username";s:5:"admin";s:5:"email";s:15:"admin@admin.com";s:8:"group_id";s:1:"1";s:6:"status";s:1:"1";s:10:"last_login";s:10:"1432736015";s:9:"logged_in";b:1;s:4:"name";s:21:"Administrator Website";}s:8:"language";s:7:"english";}');

-- --------------------------------------------------------

--
-- Table structure for table `tbl_configurations`
--

CREATE TABLE IF NOT EXISTS `tbl_configurations` (
  `parameter` varchar(150) NOT NULL DEFAULT '',
  `value` varchar(150) NOT NULL DEFAULT '',
  PRIMARY KEY (`parameter`,`value`)
) ENGINE=MyISAM DEFAULT CHARSET=utf8;

--
-- Dumping data for table `tbl_configurations`
--

INSERT INTO `tbl_configurations` (`parameter`, `value`) VALUES
('environment', '0'),
('install', '0'),
('maintenance', '0'),
('theme', '0');

-- --------------------------------------------------------

--
-- Table structure for table `tbl_divisions`
--

CREATE TABLE IF NOT EXISTS `tbl_divisions` (
  `id` int(11) NOT NULL AUTO_INCREMENT,
  `name` varchar(255) DEFAULT NULL,
  `subject` varchar(255) DEFAULT NULL,
  `description` text NOT NULL,
  `is_system` tinyint(1) NOT NULL DEFAULT '1',
  `status` tinyint(1) DEFAULT '1',
  `added` int(11) NOT NULL,
  `modified` int(11) NOT NULL,
  PRIMARY KEY (`id`),
  KEY `name` (`name`,`status`)
) ENGINE=MyISAM  DEFAULT CHARSET=utf8 AUTO_INCREMENT=19 ;

--
-- Dumping data for table `tbl_divisions`
--

INSERT INTO `tbl_divisions` (`id`, `name`, `subject`, `description`, `is_system`, `status`, `added`, `modified`) VALUES
(12, 'developer', 'Developer', '<p>\r\n	Web Developer Division</p>\r\n', 1, 1, 1364610224, 1364610224),
(13, 'director', 'Director', '<p>\r\n	Director</p>\r\n', 1, 1, 1364610224, 1368369595),
(14, 'account', 'Account', '<p>\r\n	Account</p>\r\n', 1, 1, 0, 0),
(15, 'manager', 'Manager', '<p>\r\n	Manager</p>\r\n', 1, 1, 0, 0),
(16, 'strategist', 'Strategist', '<p>\r\n	Strategist</p>\r\n', 1, 1, 0, 0),
(17, 'creative', 'Creative', '<p>\r\n	Creative</p>\r\n', 1, 1, 0, 0),
(18, 'finance', 'Finance', '<p>\r\n	Finance</p>\r\n', 1, 1, 0, 0);

-- --------------------------------------------------------

--
-- Table structure for table `tbl_division_files`
--

CREATE TABLE IF NOT EXISTS `tbl_division_files` (
  `id` int(11) unsigned NOT NULL AUTO_INCREMENT,
  `division_id` int(11) unsigned DEFAULT NULL,
  `field_name` varchar(96) DEFAULT NULL,
  `file_name` varchar(64) DEFAULT NULL,
  `file_type` varchar(16) DEFAULT NULL,
  `caption` varchar(255) DEFAULT NULL,
  PRIMARY KEY (`id`),
  KEY `article_id` (`division_id`)
) ENGINE=MyISAM  DEFAULT CHARSET=utf8 AUTO_INCREMENT=2 ;

--
-- Dumping data for table `tbl_division_files`
--

INSERT INTO `tbl_division_files` (`id`, `division_id`, `field_name`, `file_name`, `file_type`, `caption`) VALUES
(1, 13, 'image_1', 'd0020c5505cc68f55446c109c352930d.jpg', 'image/jpeg', '');

-- --------------------------------------------------------

--
-- Table structure for table `tbl_group_permissions`
--

CREATE TABLE IF NOT EXISTS `tbl_group_permissions` (
  `id` int(11) unsigned NOT NULL AUTO_INCREMENT,
  `permission_id` int(11) NOT NULL,
  `group_id` int(11) NOT NULL,
  `value` smallint(1) NOT NULL,
  `added` int(11) NOT NULL,
  `modified` int(11) NOT NULL,
  PRIMARY KEY (`id`),
  KEY `id` (`id`)
) ENGINE=MyISAM  DEFAULT CHARSET=utf8 AUTO_INCREMENT=753 ;

--
-- Dumping data for table `tbl_group_permissions`
--

INSERT INTO `tbl_group_permissions` (`id`, `permission_id`, `group_id`, `value`, `added`, `modified`) VALUES
(1, 1, 1, 1, 1432736018, 0),
(2, 2, 1, 1, 1432736018, 0),
(3, 3, 1, 1, 1432736018, 0),
(4, 4, 1, 1, 1432736018, 0),
(5, 5, 1, 1, 1432736018, 0),
(6, 6, 1, 1, 1432736018, 0),
(7, 38, 1, 1, 1432736018, 0),
(8, 39, 1, 1, 1432736018, 0),
(9, 66, 1, 1, 1432736018, 0),
(10, 67, 1, 1, 1432736018, 0),
(11, 68, 1, 1, 1432736018, 0),
(12, 7, 1, 1, 1432736018, 0),
(13, 8, 1, 1, 1432736018, 0),
(14, 9, 1, 1, 1432736018, 0),
(15, 10, 1, 1, 1432736018, 0),
(16, 11, 1, 1, 1432736018, 0),
(17, 12, 1, 1, 1432736018, 0),
(18, 13, 1, 1, 1432736018, 0),
(19, 14, 1, 1, 1432736018, 0),
(20, 15, 1, 1, 1432736018, 0),
(21, 16, 1, 1, 1432736018, 0),
(22, 17, 1, 1, 1432736018, 0),
(23, 18, 1, 1, 1432736018, 0),
(24, 19, 1, 1, 1432736018, 0),
(25, 20, 1, 1, 1432736018, 0),
(26, 21, 1, 1, 1432736018, 0),
(27, 22, 1, 1, 1432736018, 0),
(28, 23, 1, 1, 1432736018, 0),
(29, 24, 1, 1, 1432736018, 0),
(30, 25, 1, 1, 1432736018, 0),
(31, 26, 1, 1, 1432736018, 0),
(32, 27, 1, 1, 1432736018, 0),
(33, 28, 1, 1, 1432736018, 0),
(34, 29, 1, 1, 1432736018, 0),
(35, 30, 1, 1, 1432736018, 0),
(36, 31, 1, 1, 1432736018, 0),
(37, 32, 1, 1, 1432736018, 0),
(38, 33, 1, 1, 1432736018, 0),
(39, 34, 1, 1, 1432736018, 0),
(40, 35, 1, 1, 1432736018, 0),
(41, 36, 1, 1, 1432736018, 0),
(42, 37, 1, 1, 1432736018, 0),
(43, 40, 1, 1, 1432736018, 0),
(44, 41, 1, 1, 1432736018, 0),
(45, 42, 1, 1, 1432736018, 0),
(46, 43, 1, 1, 1432736018, 0),
(47, 44, 1, 1, 1432736018, 0),
(48, 45, 1, 1, 1432736018, 0),
(49, 46, 1, 1, 1432736018, 0),
(50, 47, 1, 1, 1432736018, 0),
(51, 48, 1, 1, 1432736018, 0),
(52, 49, 1, 1, 1432736018, 0),
(53, 50, 1, 1, 1432736018, 0),
(54, 51, 1, 1, 1432736018, 0),
(55, 52, 1, 1, 1432736018, 0),
(56, 53, 1, 1, 1432736018, 0),
(57, 54, 1, 1, 1432736018, 0),
(58, 55, 1, 1, 1432736018, 0),
(59, 56, 1, 1, 1432736018, 0),
(60, 57, 1, 1, 1432736018, 0),
(61, 58, 1, 1, 1432736018, 0),
(62, 59, 1, 1, 1432736018, 0),
(63, 60, 1, 1, 1432736018, 0),
(64, 61, 1, 1, 1432736018, 0),
(65, 62, 1, 1, 1432736018, 0),
(66, 63, 1, 1, 1432736018, 0),
(67, 64, 1, 1, 1432736018, 0),
(68, 65, 1, 1, 1432736018, 0),
(69, 69, 1, 1, 1432736018, 0),
(70, 70, 1, 1, 1432736018, 0),
(71, 71, 1, 1, 1432736018, 0),
(72, 72, 1, 1, 1432736018, 0),
(73, 73, 1, 1, 1432736018, 0),
(74, 74, 1, 1, 1432736018, 0),
(75, 75, 1, 1, 1432736018, 0),
(76, 76, 1, 1, 1432736018, 0),
(77, 77, 1, 1, 1432736018, 0),
(78, 78, 1, 1, 1432736018, 0),
(79, 79, 1, 1, 1432736018, 0),
(80, 80, 1, 1, 1432736018, 0),
(81, 81, 1, 1, 1432736018, 0),
(82, 82, 1, 1, 1432736018, 0),
(83, 83, 1, 1, 1432736018, 0),
(84, 84, 1, 1, 1432736018, 0),
(85, 85, 1, 1, 1432736018, 0),
(86, 86, 1, 1, 1432736018, 0),
(87, 87, 1, 1, 1432736018, 0),
(88, 88, 1, 1, 1432736018, 0),
(89, 89, 1, 1, 1432736018, 0),
(90, 90, 1, 1, 1432736018, 0),
(91, 91, 1, 1, 1432736018, 0),
(92, 92, 1, 1, 1432736018, 0),
(93, 93, 1, 1, 1432736018, 0),
(94, 94, 1, 1, 1432736018, 0),
(95, 1, 2, 1, 1432736018, 0),
(96, 2, 2, 1, 1432736018, 0),
(97, 3, 2, 1, 1432736018, 0),
(98, 4, 2, 1, 1432736018, 0),
(99, 5, 2, 1, 1432736018, 0),
(100, 6, 2, 1, 1432736018, 0),
(101, 38, 2, 1, 1432736018, 0),
(102, 39, 2, 1, 1432736018, 0),
(103, 66, 2, 1, 1432736018, 0),
(104, 67, 2, 1, 1432736018, 0),
(105, 68, 2, 1, 1432736018, 0),
(106, 7, 2, 1, 1432736018, 0),
(107, 8, 2, 1, 1432736018, 0),
(108, 9, 2, 1, 1432736018, 0),
(109, 10, 2, 1, 1432736018, 0),
(110, 11, 2, 1, 1432736018, 0),
(111, 12, 2, 1, 1432736018, 0),
(112, 13, 2, 1, 1432736018, 0),
(113, 14, 2, 1, 1432736018, 0),
(114, 15, 2, 1, 1432736018, 0),
(115, 16, 2, 1, 1432736018, 0),
(116, 17, 2, 1, 1432736018, 0),
(117, 18, 2, 1, 1432736018, 0),
(118, 19, 2, 1, 1432736018, 0),
(119, 20, 2, 1, 1432736018, 0),
(120, 21, 2, 1, 1432736018, 0),
(121, 22, 2, 1, 1432736018, 0),
(122, 23, 2, 1, 1432736018, 0),
(123, 24, 2, 1, 1432736018, 0),
(124, 25, 2, 1, 1432736018, 0),
(125, 26, 2, 1, 1432736018, 0),
(126, 27, 2, 1, 1432736018, 0),
(127, 28, 2, 1, 1432736018, 0),
(128, 29, 2, 1, 1432736018, 0),
(129, 30, 2, 1, 1432736018, 0),
(130, 31, 2, 1, 1432736018, 0),
(131, 32, 2, 1, 1432736018, 0),
(132, 33, 2, 1, 1432736018, 0),
(133, 34, 2, 1, 1432736018, 0),
(134, 35, 2, 1, 1432736018, 0),
(135, 36, 2, 1, 1432736018, 0),
(136, 37, 2, 1, 1432736018, 0),
(137, 40, 2, 1, 1432736018, 0),
(138, 41, 2, 1, 1432736018, 0),
(139, 42, 2, 1, 1432736018, 0),
(140, 43, 2, 1, 1432736018, 0),
(141, 44, 2, 1, 1432736018, 0),
(142, 45, 2, 1, 1432736018, 0),
(143, 46, 2, 1, 1432736018, 0),
(144, 47, 2, 1, 1432736018, 0),
(145, 48, 2, 1, 1432736018, 0),
(146, 49, 2, 1, 1432736018, 0),
(147, 50, 2, 1, 1432736018, 0),
(148, 51, 2, 1, 1432736018, 0),
(149, 52, 2, 1, 1432736018, 0),
(150, 53, 2, 1, 1432736018, 0),
(151, 54, 2, 1, 1432736018, 0),
(152, 55, 2, 1, 1432736018, 0),
(153, 56, 2, 1, 1432736018, 0),
(154, 57, 2, 1, 1432736018, 0),
(155, 58, 2, 1, 1432736018, 0),
(156, 59, 2, 1, 1432736018, 0),
(157, 60, 2, 1, 1432736018, 0),
(158, 61, 2, 1, 1432736018, 0),
(159, 62, 2, 1, 1432736018, 0),
(160, 63, 2, 1, 1432736018, 0),
(161, 64, 2, 1, 1432736018, 0),
(162, 65, 2, 1, 1432736018, 0),
(163, 69, 2, 1, 1432736018, 0),
(164, 70, 2, 1, 1432736018, 0),
(165, 71, 2, 1, 1432736018, 0),
(166, 72, 2, 1, 1432736018, 0),
(167, 73, 2, 1, 1432736018, 0),
(168, 74, 2, 1, 1432736018, 0),
(169, 75, 2, 1, 1432736018, 0),
(170, 76, 2, 1, 1432736018, 0),
(171, 77, 2, 1, 1432736018, 0),
(172, 78, 2, 1, 1432736018, 0),
(173, 79, 2, 1, 1432736018, 0),
(174, 80, 2, 1, 1432736018, 0),
(175, 81, 2, 1, 1432736018, 0),
(176, 82, 2, 1, 1432736018, 0),
(177, 83, 2, 1, 1432736018, 0),
(178, 84, 2, 1, 1432736018, 0),
(179, 85, 2, 1, 1432736018, 0),
(180, 86, 2, 1, 1432736018, 0),
(181, 87, 2, 1, 1432736018, 0),
(182, 88, 2, 1, 1432736018, 0),
(183, 89, 2, 1, 1432736018, 0),
(184, 90, 2, 1, 1432736018, 0),
(185, 91, 2, 1, 1432736018, 0),
(186, 92, 2, 1, 1432736018, 0),
(187, 93, 2, 1, 1432736018, 0),
(188, 94, 2, 1, 1432736018, 0),
(189, 1, 99, 0, 1432736018, 0),
(190, 2, 99, 0, 1432736018, 0),
(191, 3, 99, 0, 1432736018, 0),
(192, 4, 99, 0, 1432736018, 0),
(193, 5, 99, 0, 1432736018, 0),
(194, 6, 99, 0, 1432736018, 0),
(195, 38, 99, 0, 1432736018, 0),
(196, 39, 99, 0, 1432736018, 0),
(197, 66, 99, 0, 1432736018, 0),
(198, 67, 99, 0, 1432736018, 0),
(199, 68, 99, 0, 1432736018, 0),
(200, 7, 99, 0, 1432736018, 0),
(201, 8, 99, 0, 1432736018, 0),
(202, 9, 99, 0, 1432736018, 0),
(203, 10, 99, 0, 1432736018, 0),
(204, 11, 99, 0, 1432736018, 0),
(205, 12, 99, 0, 1432736018, 0),
(206, 13, 99, 0, 1432736018, 0),
(207, 14, 99, 0, 1432736018, 0),
(208, 15, 99, 0, 1432736018, 0),
(209, 16, 99, 0, 1432736018, 0),
(210, 17, 99, 0, 1432736018, 0),
(211, 18, 99, 0, 1432736018, 0),
(212, 19, 99, 0, 1432736018, 0),
(213, 20, 99, 0, 1432736018, 0),
(214, 21, 99, 0, 1432736018, 0),
(215, 22, 99, 0, 1432736018, 0),
(216, 23, 99, 0, 1432736018, 0),
(217, 24, 99, 0, 1432736018, 0),
(218, 25, 99, 0, 1432736018, 0),
(219, 26, 99, 0, 1432736018, 0),
(220, 27, 99, 0, 1432736018, 0),
(221, 28, 99, 0, 1432736018, 0),
(222, 29, 99, 0, 1432736018, 0),
(223, 30, 99, 0, 1432736018, 0),
(224, 31, 99, 0, 1432736018, 0),
(225, 32, 99, 0, 1432736018, 0),
(226, 33, 99, 0, 1432736018, 0),
(227, 34, 99, 0, 1432736018, 0),
(228, 35, 99, 0, 1432736018, 0),
(229, 36, 99, 0, 1432736018, 0),
(230, 37, 99, 0, 1432736018, 0),
(231, 40, 99, 0, 1432736018, 0),
(232, 41, 99, 0, 1432736018, 0),
(233, 42, 99, 0, 1432736018, 0),
(234, 43, 99, 0, 1432736018, 0),
(235, 44, 99, 0, 1432736018, 0),
(236, 45, 99, 0, 1432736018, 0),
(237, 46, 99, 0, 1432736018, 0),
(238, 47, 99, 0, 1432736018, 0),
(239, 48, 99, 0, 1432736018, 0),
(240, 49, 99, 0, 1432736018, 0),
(241, 50, 99, 0, 1432736018, 0),
(242, 51, 99, 0, 1432736018, 0),
(243, 52, 99, 0, 1432736018, 0),
(244, 53, 99, 0, 1432736018, 0),
(245, 54, 99, 0, 1432736018, 0),
(246, 55, 99, 0, 1432736018, 0),
(247, 56, 99, 0, 1432736018, 0),
(248, 57, 99, 0, 1432736018, 0),
(249, 58, 99, 0, 1432736018, 0),
(250, 59, 99, 0, 1432736018, 0),
(251, 60, 99, 0, 1432736018, 0),
(252, 61, 99, 0, 1432736018, 0),
(253, 62, 99, 0, 1432736018, 0),
(254, 63, 99, 0, 1432736018, 0),
(255, 64, 99, 0, 1432736018, 0),
(256, 65, 99, 0, 1432736018, 0),
(257, 69, 99, 0, 1432736018, 0),
(258, 70, 99, 0, 1432736018, 0),
(259, 71, 99, 0, 1432736018, 0),
(260, 72, 99, 0, 1432736018, 0),
(261, 73, 99, 0, 1432736018, 0),
(262, 74, 99, 0, 1432736018, 0),
(263, 75, 99, 0, 1432736018, 0),
(264, 76, 99, 0, 1432736018, 0),
(265, 77, 99, 0, 1432736018, 0),
(266, 78, 99, 0, 1432736018, 0),
(267, 79, 99, 0, 1432736018, 0),
(268, 80, 99, 0, 1432736018, 0),
(269, 81, 99, 0, 1432736018, 0),
(270, 82, 99, 0, 1432736018, 0),
(271, 83, 99, 0, 1432736018, 0),
(272, 84, 99, 0, 1432736018, 0),
(273, 85, 99, 0, 1432736018, 0),
(274, 86, 99, 0, 1432736018, 0),
(275, 87, 99, 0, 1432736018, 0),
(276, 88, 99, 0, 1432736018, 0),
(277, 89, 99, 0, 1432736018, 0),
(278, 90, 99, 0, 1432736018, 0),
(279, 91, 99, 0, 1432736018, 0),
(280, 92, 99, 0, 1432736018, 0),
(281, 93, 99, 0, 1432736018, 0),
(282, 94, 99, 0, 1432736018, 0),
(283, 1, 112, 0, 1432736018, 0),
(284, 2, 112, 0, 1432736018, 0),
(285, 3, 112, 0, 1432736018, 0),
(286, 4, 112, 0, 1432736018, 0),
(287, 5, 112, 0, 1432736018, 0),
(288, 6, 112, 0, 1432736018, 0),
(289, 38, 112, 0, 1432736018, 0),
(290, 39, 112, 0, 1432736018, 0),
(291, 66, 112, 0, 1432736018, 0),
(292, 67, 112, 0, 1432736018, 0),
(293, 68, 112, 0, 1432736018, 0),
(294, 7, 112, 0, 1432736018, 0),
(295, 8, 112, 0, 1432736018, 0),
(296, 9, 112, 0, 1432736018, 0),
(297, 10, 112, 0, 1432736018, 0),
(298, 11, 112, 0, 1432736018, 0),
(299, 12, 112, 0, 1432736018, 0),
(300, 13, 112, 0, 1432736018, 0),
(301, 14, 112, 0, 1432736018, 0),
(302, 15, 112, 0, 1432736018, 0),
(303, 16, 112, 0, 1432736018, 0),
(304, 17, 112, 0, 1432736018, 0),
(305, 18, 112, 0, 1432736018, 0),
(306, 19, 112, 0, 1432736018, 0),
(307, 20, 112, 0, 1432736018, 0),
(308, 21, 112, 0, 1432736018, 0),
(309, 22, 112, 0, 1432736018, 0),
(310, 23, 112, 0, 1432736018, 0),
(311, 24, 112, 0, 1432736018, 0),
(312, 25, 112, 0, 1432736018, 0),
(313, 26, 112, 0, 1432736018, 0),
(314, 27, 112, 0, 1432736018, 0),
(315, 28, 112, 0, 1432736018, 0),
(316, 29, 112, 0, 1432736018, 0),
(317, 30, 112, 0, 1432736018, 0),
(318, 31, 112, 0, 1432736018, 0),
(319, 32, 112, 0, 1432736018, 0),
(320, 33, 112, 0, 1432736018, 0),
(321, 34, 112, 0, 1432736018, 0),
(322, 35, 112, 0, 1432736018, 0),
(323, 36, 112, 0, 1432736018, 0),
(324, 37, 112, 0, 1432736018, 0),
(325, 40, 112, 0, 1432736018, 0),
(326, 41, 112, 0, 1432736018, 0),
(327, 42, 112, 0, 1432736018, 0),
(328, 43, 112, 0, 1432736018, 0),
(329, 44, 112, 0, 1432736018, 0),
(330, 45, 112, 0, 1432736018, 0),
(331, 46, 112, 0, 1432736018, 0),
(332, 47, 112, 0, 1432736018, 0),
(333, 48, 112, 0, 1432736018, 0),
(334, 49, 112, 0, 1432736018, 0),
(335, 50, 112, 0, 1432736018, 0),
(336, 51, 112, 0, 1432736018, 0),
(337, 52, 112, 0, 1432736018, 0),
(338, 53, 112, 0, 1432736018, 0),
(339, 54, 112, 0, 1432736018, 0),
(340, 55, 112, 0, 1432736018, 0),
(341, 56, 112, 0, 1432736018, 0),
(342, 57, 112, 0, 1432736018, 0),
(343, 58, 112, 0, 1432736018, 0),
(344, 59, 112, 0, 1432736018, 0),
(345, 60, 112, 0, 1432736018, 0),
(346, 61, 112, 0, 1432736018, 0),
(347, 62, 112, 0, 1432736018, 0),
(348, 63, 112, 0, 1432736018, 0),
(349, 64, 112, 0, 1432736018, 0),
(350, 65, 112, 0, 1432736018, 0),
(351, 69, 112, 0, 1432736018, 0),
(352, 70, 112, 0, 1432736018, 0),
(353, 71, 112, 0, 1432736018, 0),
(354, 72, 112, 0, 1432736018, 0),
(355, 73, 112, 0, 1432736018, 0),
(356, 74, 112, 0, 1432736018, 0),
(357, 75, 112, 0, 1432736018, 0),
(358, 76, 112, 0, 1432736018, 0),
(359, 77, 112, 0, 1432736018, 0),
(360, 78, 112, 0, 1432736018, 0),
(361, 79, 112, 0, 1432736018, 0),
(362, 80, 112, 0, 1432736018, 0),
(363, 81, 112, 0, 1432736018, 0),
(364, 82, 112, 0, 1432736018, 0),
(365, 83, 112, 0, 1432736018, 0),
(366, 84, 112, 0, 1432736018, 0),
(367, 85, 112, 0, 1432736018, 0),
(368, 86, 112, 0, 1432736018, 0),
(369, 87, 112, 0, 1432736018, 0),
(370, 88, 112, 0, 1432736018, 0),
(371, 89, 112, 0, 1432736018, 0),
(372, 90, 112, 0, 1432736018, 0),
(373, 91, 112, 0, 1432736018, 0),
(374, 92, 112, 0, 1432736018, 0),
(375, 93, 112, 0, 1432736018, 0),
(376, 94, 112, 0, 1432736018, 0),
(377, 1, 113, 0, 1432736018, 0),
(378, 2, 113, 0, 1432736018, 0),
(379, 3, 113, 0, 1432736018, 0),
(380, 4, 113, 0, 1432736018, 0),
(381, 5, 113, 0, 1432736018, 0),
(382, 6, 113, 0, 1432736018, 0),
(383, 38, 113, 0, 1432736018, 0),
(384, 39, 113, 0, 1432736018, 0),
(385, 66, 113, 0, 1432736018, 0),
(386, 67, 113, 0, 1432736018, 0),
(387, 68, 113, 0, 1432736018, 0),
(388, 7, 113, 0, 1432736018, 0),
(389, 8, 113, 0, 1432736018, 0),
(390, 9, 113, 0, 1432736018, 0),
(391, 10, 113, 0, 1432736018, 0),
(392, 11, 113, 0, 1432736018, 0),
(393, 12, 113, 0, 1432736018, 0),
(394, 13, 113, 0, 1432736018, 0),
(395, 14, 113, 0, 1432736018, 0),
(396, 15, 113, 0, 1432736018, 0),
(397, 16, 113, 0, 1432736018, 0),
(398, 17, 113, 0, 1432736018, 0),
(399, 18, 113, 0, 1432736018, 0),
(400, 19, 113, 0, 1432736018, 0),
(401, 20, 113, 0, 1432736018, 0),
(402, 21, 113, 0, 1432736018, 0),
(403, 22, 113, 0, 1432736018, 0),
(404, 23, 113, 0, 1432736018, 0),
(405, 24, 113, 0, 1432736018, 0),
(406, 25, 113, 0, 1432736018, 0),
(407, 26, 113, 0, 1432736018, 0),
(408, 27, 113, 0, 1432736018, 0),
(409, 28, 113, 0, 1432736018, 0),
(410, 29, 113, 0, 1432736018, 0),
(411, 30, 113, 0, 1432736018, 0),
(412, 31, 113, 0, 1432736018, 0),
(413, 32, 113, 0, 1432736018, 0),
(414, 33, 113, 0, 1432736018, 0),
(415, 34, 113, 0, 1432736018, 0),
(416, 35, 113, 0, 1432736018, 0),
(417, 36, 113, 0, 1432736018, 0),
(418, 37, 113, 0, 1432736018, 0),
(419, 40, 113, 0, 1432736018, 0),
(420, 41, 113, 0, 1432736018, 0),
(421, 42, 113, 0, 1432736018, 0),
(422, 43, 113, 0, 1432736018, 0),
(423, 44, 113, 0, 1432736018, 0),
(424, 45, 113, 0, 1432736018, 0),
(425, 46, 113, 0, 1432736018, 0),
(426, 47, 113, 0, 1432736018, 0),
(427, 48, 113, 0, 1432736018, 0),
(428, 49, 113, 0, 1432736018, 0),
(429, 50, 113, 0, 1432736018, 0),
(430, 51, 113, 0, 1432736018, 0),
(431, 52, 113, 0, 1432736018, 0),
(432, 53, 113, 0, 1432736018, 0),
(433, 54, 113, 0, 1432736018, 0),
(434, 55, 113, 0, 1432736018, 0),
(435, 56, 113, 0, 1432736018, 0),
(436, 57, 113, 0, 1432736018, 0),
(437, 58, 113, 0, 1432736018, 0),
(438, 59, 113, 0, 1432736018, 0),
(439, 60, 113, 0, 1432736018, 0),
(440, 61, 113, 0, 1432736018, 0),
(441, 62, 113, 0, 1432736018, 0),
(442, 63, 113, 0, 1432736018, 0),
(443, 64, 113, 0, 1432736018, 0),
(444, 65, 113, 0, 1432736018, 0),
(445, 69, 113, 0, 1432736018, 0),
(446, 70, 113, 0, 1432736018, 0),
(447, 71, 113, 0, 1432736018, 0),
(448, 72, 113, 0, 1432736018, 0),
(449, 73, 113, 0, 1432736018, 0),
(450, 74, 113, 0, 1432736018, 0),
(451, 75, 113, 0, 1432736018, 0),
(452, 76, 113, 0, 1432736018, 0),
(453, 77, 113, 0, 1432736018, 0),
(454, 78, 113, 0, 1432736018, 0),
(455, 79, 113, 0, 1432736018, 0),
(456, 80, 113, 0, 1432736018, 0),
(457, 81, 113, 0, 1432736018, 0),
(458, 82, 113, 0, 1432736018, 0),
(459, 83, 113, 0, 1432736018, 0),
(460, 84, 113, 0, 1432736018, 0),
(461, 85, 113, 0, 1432736018, 0),
(462, 86, 113, 0, 1432736018, 0),
(463, 87, 113, 0, 1432736018, 0),
(464, 88, 113, 0, 1432736018, 0),
(465, 89, 113, 0, 1432736018, 0),
(466, 90, 113, 0, 1432736018, 0),
(467, 91, 113, 0, 1432736018, 0),
(468, 92, 113, 0, 1432736018, 0),
(469, 93, 113, 0, 1432736018, 0),
(470, 94, 113, 0, 1432736018, 0),
(471, 1, 114, 0, 1432736018, 0),
(472, 2, 114, 0, 1432736018, 0),
(473, 3, 114, 0, 1432736018, 0),
(474, 4, 114, 0, 1432736018, 0),
(475, 5, 114, 0, 1432736018, 0),
(476, 6, 114, 0, 1432736018, 0),
(477, 38, 114, 0, 1432736018, 0),
(478, 39, 114, 0, 1432736018, 0),
(479, 66, 114, 0, 1432736018, 0),
(480, 67, 114, 0, 1432736018, 0),
(481, 68, 114, 0, 1432736018, 0),
(482, 7, 114, 0, 1432736018, 0),
(483, 8, 114, 0, 1432736018, 0),
(484, 9, 114, 0, 1432736018, 0),
(485, 10, 114, 0, 1432736018, 0),
(486, 11, 114, 0, 1432736018, 0),
(487, 12, 114, 0, 1432736018, 0),
(488, 13, 114, 0, 1432736018, 0),
(489, 14, 114, 0, 1432736018, 0),
(490, 15, 114, 0, 1432736018, 0),
(491, 16, 114, 0, 1432736018, 0),
(492, 17, 114, 0, 1432736018, 0),
(493, 18, 114, 0, 1432736018, 0),
(494, 19, 114, 0, 1432736018, 0),
(495, 20, 114, 0, 1432736018, 0),
(496, 21, 114, 0, 1432736018, 0),
(497, 22, 114, 0, 1432736018, 0),
(498, 23, 114, 0, 1432736018, 0),
(499, 24, 114, 0, 1432736018, 0),
(500, 25, 114, 0, 1432736018, 0),
(501, 26, 114, 0, 1432736018, 0),
(502, 27, 114, 0, 1432736018, 0),
(503, 28, 114, 0, 1432736018, 0),
(504, 29, 114, 0, 1432736018, 0),
(505, 30, 114, 0, 1432736018, 0),
(506, 31, 114, 0, 1432736018, 0),
(507, 32, 114, 0, 1432736018, 0),
(508, 33, 114, 0, 1432736018, 0),
(509, 34, 114, 0, 1432736018, 0),
(510, 35, 114, 0, 1432736018, 0),
(511, 36, 114, 0, 1432736018, 0),
(512, 37, 114, 0, 1432736018, 0),
(513, 40, 114, 0, 1432736018, 0),
(514, 41, 114, 0, 1432736018, 0),
(515, 42, 114, 0, 1432736018, 0),
(516, 43, 114, 0, 1432736018, 0),
(517, 44, 114, 0, 1432736018, 0),
(518, 45, 114, 0, 1432736018, 0),
(519, 46, 114, 0, 1432736018, 0),
(520, 47, 114, 0, 1432736018, 0),
(521, 48, 114, 0, 1432736018, 0),
(522, 49, 114, 0, 1432736018, 0),
(523, 50, 114, 0, 1432736018, 0),
(524, 51, 114, 0, 1432736018, 0),
(525, 52, 114, 0, 1432736018, 0),
(526, 53, 114, 0, 1432736018, 0),
(527, 54, 114, 0, 1432736018, 0),
(528, 55, 114, 0, 1432736018, 0),
(529, 56, 114, 0, 1432736018, 0),
(530, 57, 114, 0, 1432736018, 0),
(531, 58, 114, 0, 1432736018, 0),
(532, 59, 114, 0, 1432736018, 0),
(533, 60, 114, 0, 1432736018, 0),
(534, 61, 114, 0, 1432736018, 0),
(535, 62, 114, 0, 1432736018, 0),
(536, 63, 114, 0, 1432736018, 0),
(537, 64, 114, 0, 1432736018, 0),
(538, 65, 114, 0, 1432736018, 0),
(539, 69, 114, 0, 1432736018, 0),
(540, 70, 114, 0, 1432736018, 0),
(541, 71, 114, 0, 1432736018, 0),
(542, 72, 114, 0, 1432736018, 0),
(543, 73, 114, 0, 1432736018, 0),
(544, 74, 114, 0, 1432736018, 0),
(545, 75, 114, 0, 1432736018, 0),
(546, 76, 114, 0, 1432736018, 0),
(547, 77, 114, 0, 1432736018, 0),
(548, 78, 114, 0, 1432736018, 0),
(549, 79, 114, 0, 1432736018, 0),
(550, 80, 114, 0, 1432736018, 0),
(551, 81, 114, 0, 1432736018, 0),
(552, 82, 114, 0, 1432736018, 0),
(553, 83, 114, 0, 1432736018, 0),
(554, 84, 114, 0, 1432736018, 0),
(555, 85, 114, 0, 1432736018, 0),
(556, 86, 114, 0, 1432736018, 0),
(557, 87, 114, 0, 1432736018, 0),
(558, 88, 114, 0, 1432736018, 0),
(559, 89, 114, 0, 1432736018, 0),
(560, 90, 114, 0, 1432736018, 0),
(561, 91, 114, 0, 1432736018, 0),
(562, 92, 114, 0, 1432736018, 0),
(563, 93, 114, 0, 1432736018, 0),
(564, 94, 114, 0, 1432736018, 0),
(565, 1, 116, 0, 1432736018, 0),
(566, 2, 116, 0, 1432736018, 0),
(567, 3, 116, 0, 1432736018, 0),
(568, 4, 116, 0, 1432736018, 0),
(569, 5, 116, 0, 1432736018, 0),
(570, 6, 116, 0, 1432736018, 0),
(571, 38, 116, 0, 1432736018, 0),
(572, 39, 116, 0, 1432736018, 0),
(573, 66, 116, 0, 1432736018, 0),
(574, 67, 116, 0, 1432736018, 0),
(575, 68, 116, 0, 1432736018, 0),
(576, 7, 116, 0, 1432736018, 0),
(577, 8, 116, 0, 1432736018, 0),
(578, 9, 116, 0, 1432736018, 0),
(579, 10, 116, 0, 1432736018, 0),
(580, 11, 116, 0, 1432736018, 0),
(581, 12, 116, 0, 1432736018, 0),
(582, 13, 116, 0, 1432736018, 0),
(583, 14, 116, 0, 1432736018, 0),
(584, 15, 116, 0, 1432736018, 0),
(585, 16, 116, 0, 1432736018, 0),
(586, 17, 116, 0, 1432736018, 0),
(587, 18, 116, 0, 1432736018, 0),
(588, 19, 116, 0, 1432736018, 0),
(589, 20, 116, 0, 1432736018, 0),
(590, 21, 116, 0, 1432736018, 0),
(591, 22, 116, 0, 1432736018, 0),
(592, 23, 116, 0, 1432736018, 0),
(593, 24, 116, 0, 1432736018, 0),
(594, 25, 116, 0, 1432736018, 0),
(595, 26, 116, 0, 1432736018, 0),
(596, 27, 116, 0, 1432736018, 0),
(597, 28, 116, 0, 1432736018, 0),
(598, 29, 116, 0, 1432736018, 0),
(599, 30, 116, 0, 1432736018, 0),
(600, 31, 116, 0, 1432736018, 0),
(601, 32, 116, 0, 1432736018, 0),
(602, 33, 116, 0, 1432736018, 0),
(603, 34, 116, 0, 1432736018, 0),
(604, 35, 116, 0, 1432736018, 0),
(605, 36, 116, 0, 1432736018, 0),
(606, 37, 116, 0, 1432736018, 0),
(607, 40, 116, 0, 1432736018, 0),
(608, 41, 116, 0, 1432736018, 0),
(609, 42, 116, 0, 1432736018, 0),
(610, 43, 116, 0, 1432736018, 0),
(611, 44, 116, 0, 1432736018, 0),
(612, 45, 116, 0, 1432736018, 0),
(613, 46, 116, 0, 1432736018, 0),
(614, 47, 116, 0, 1432736018, 0),
(615, 48, 116, 0, 1432736018, 0),
(616, 49, 116, 0, 1432736018, 0),
(617, 50, 116, 0, 1432736018, 0),
(618, 51, 116, 0, 1432736018, 0),
(619, 52, 116, 0, 1432736018, 0),
(620, 53, 116, 0, 1432736018, 0),
(621, 54, 116, 0, 1432736018, 0),
(622, 55, 116, 0, 1432736018, 0),
(623, 56, 116, 0, 1432736018, 0),
(624, 57, 116, 0, 1432736018, 0),
(625, 58, 116, 0, 1432736018, 0),
(626, 59, 116, 0, 1432736018, 0),
(627, 60, 116, 0, 1432736018, 0),
(628, 61, 116, 0, 1432736018, 0),
(629, 62, 116, 0, 1432736018, 0),
(630, 63, 116, 0, 1432736018, 0),
(631, 64, 116, 0, 1432736018, 0),
(632, 65, 116, 0, 1432736018, 0),
(633, 69, 116, 0, 1432736018, 0),
(634, 70, 116, 0, 1432736018, 0),
(635, 71, 116, 0, 1432736018, 0),
(636, 72, 116, 0, 1432736018, 0),
(637, 73, 116, 0, 1432736018, 0),
(638, 74, 116, 0, 1432736018, 0),
(639, 75, 116, 0, 1432736018, 0),
(640, 76, 116, 0, 1432736018, 0),
(641, 77, 116, 0, 1432736018, 0),
(642, 78, 116, 0, 1432736018, 0),
(643, 79, 116, 0, 1432736018, 0),
(644, 80, 116, 0, 1432736018, 0),
(645, 81, 116, 0, 1432736018, 0),
(646, 82, 116, 0, 1432736018, 0),
(647, 83, 116, 0, 1432736018, 0),
(648, 84, 116, 0, 1432736018, 0),
(649, 85, 116, 0, 1432736018, 0),
(650, 86, 116, 0, 1432736018, 0),
(651, 87, 116, 0, 1432736018, 0),
(652, 88, 116, 0, 1432736018, 0),
(653, 89, 116, 0, 1432736018, 0),
(654, 90, 116, 0, 1432736018, 0),
(655, 91, 116, 0, 1432736018, 0),
(656, 92, 116, 0, 1432736018, 0),
(657, 93, 116, 0, 1432736018, 0),
(658, 94, 116, 0, 1432736018, 0),
(659, 1, 100, 0, 1432736018, 0),
(660, 2, 100, 0, 1432736018, 0),
(661, 3, 100, 0, 1432736018, 0),
(662, 4, 100, 0, 1432736018, 0),
(663, 5, 100, 0, 1432736018, 0),
(664, 6, 100, 0, 1432736018, 0),
(665, 38, 100, 0, 1432736018, 0),
(666, 39, 100, 0, 1432736018, 0),
(667, 66, 100, 0, 1432736018, 0),
(668, 67, 100, 0, 1432736018, 0),
(669, 68, 100, 0, 1432736018, 0),
(670, 7, 100, 0, 1432736018, 0),
(671, 8, 100, 0, 1432736018, 0),
(672, 9, 100, 0, 1432736018, 0),
(673, 10, 100, 0, 1432736018, 0),
(674, 11, 100, 0, 1432736018, 0),
(675, 12, 100, 0, 1432736018, 0),
(676, 13, 100, 0, 1432736018, 0),
(677, 14, 100, 0, 1432736018, 0),
(678, 15, 100, 0, 1432736018, 0),
(679, 16, 100, 0, 1432736018, 0),
(680, 17, 100, 0, 1432736018, 0),
(681, 18, 100, 0, 1432736018, 0),
(682, 19, 100, 0, 1432736018, 0),
(683, 20, 100, 0, 1432736018, 0),
(684, 21, 100, 0, 1432736018, 0),
(685, 22, 100, 0, 1432736018, 0),
(686, 23, 100, 0, 1432736018, 0),
(687, 24, 100, 0, 1432736018, 0),
(688, 25, 100, 0, 1432736018, 0),
(689, 26, 100, 0, 1432736018, 0),
(690, 27, 100, 0, 1432736018, 0),
(691, 28, 100, 0, 1432736018, 0),
(692, 29, 100, 0, 1432736018, 0),
(693, 30, 100, 0, 1432736018, 0),
(694, 31, 100, 0, 1432736018, 0),
(695, 32, 100, 0, 1432736018, 0),
(696, 33, 100, 0, 1432736018, 0),
(697, 34, 100, 0, 1432736018, 0),
(698, 35, 100, 0, 1432736018, 0),
(699, 36, 100, 0, 1432736018, 0),
(700, 37, 100, 0, 1432736018, 0),
(701, 40, 100, 0, 1432736018, 0),
(702, 41, 100, 0, 1432736018, 0),
(703, 42, 100, 0, 1432736018, 0),
(704, 43, 100, 0, 1432736018, 0),
(705, 44, 100, 0, 1432736018, 0),
(706, 45, 100, 0, 1432736018, 0),
(707, 46, 100, 0, 1432736018, 0),
(708, 47, 100, 0, 1432736018, 0),
(709, 48, 100, 0, 1432736018, 0),
(710, 49, 100, 0, 1432736018, 0),
(711, 50, 100, 0, 1432736018, 0),
(712, 51, 100, 0, 1432736018, 0),
(713, 52, 100, 0, 1432736018, 0),
(714, 53, 100, 0, 1432736018, 0),
(715, 54, 100, 0, 1432736018, 0),
(716, 55, 100, 0, 1432736018, 0),
(717, 56, 100, 0, 1432736018, 0),
(718, 57, 100, 0, 1432736018, 0),
(719, 58, 100, 0, 1432736018, 0),
(720, 59, 100, 0, 1432736018, 0),
(721, 60, 100, 0, 1432736018, 0),
(722, 61, 100, 0, 1432736018, 0),
(723, 62, 100, 0, 1432736018, 0),
(724, 63, 100, 0, 1432736018, 0),
(725, 64, 100, 0, 1432736018, 0),
(726, 65, 100, 0, 1432736018, 0),
(727, 69, 100, 0, 1432736018, 0),
(728, 70, 100, 0, 1432736018, 0),
(729, 71, 100, 0, 1432736018, 0),
(730, 72, 100, 0, 1432736018, 0),
(731, 73, 100, 0, 1432736018, 0),
(732, 74, 100, 0, 1432736018, 0),
(733, 75, 100, 0, 1432736018, 0),
(734, 76, 100, 0, 1432736018, 0),
(735, 77, 100, 0, 1432736018, 0),
(736, 78, 100, 0, 1432736018, 0),
(737, 79, 100, 0, 1432736018, 0),
(738, 80, 100, 0, 1432736018, 0),
(739, 81, 100, 0, 1432736018, 0),
(740, 82, 100, 0, 1432736018, 0),
(741, 83, 100, 0, 1432736018, 0),
(742, 84, 100, 0, 1432736018, 0),
(743, 85, 100, 0, 1432736018, 0),
(744, 86, 100, 0, 1432736018, 0),
(745, 87, 100, 0, 1432736018, 0),
(746, 88, 100, 0, 1432736018, 0),
(747, 89, 100, 0, 1432736018, 0),
(748, 90, 100, 0, 1432736018, 0),
(749, 91, 100, 0, 1432736018, 0),
(750, 92, 100, 0, 1432736018, 0),
(751, 93, 100, 0, 1432736018, 0),
(752, 94, 100, 0, 1432736018, 0);

-- --------------------------------------------------------

--
-- Table structure for table `tbl_languages`
--

CREATE TABLE IF NOT EXISTS `tbl_languages` (
  `id` int(11) unsigned NOT NULL AUTO_INCREMENT,
  `name` varchar(64) NOT NULL,
  `url` varchar(82) NOT NULL,
  `prefix` varchar(8) DEFAULT NULL,
  `default` tinyint(1) DEFAULT '0',
  `status` tinyint(1) NOT NULL DEFAULT '1',
  `is_system` tinyint(1) NOT NULL DEFAULT '0',
  `added` int(11) unsigned NOT NULL,
  `modified` int(11) unsigned NOT NULL,
  PRIMARY KEY (`id`),
  KEY `name` (`name`,`status`)
) ENGINE=MyISAM  DEFAULT CHARSET=utf8 AUTO_INCREMENT=4 ;

--
-- Dumping data for table `tbl_languages`
--

INSERT INTO `tbl_languages` (`id`, `name`, `url`, `prefix`, `default`, `status`, `is_system`, `added`, `modified`) VALUES
(1, 'Indonesia', 'indonesia', 'id', 0, 1, 0, 1425357221, 1429684869),
(2, 'English', 'english', 'en', 1, 1, 1, 1425357221, 1429601522),
(3, 'Saudi Arabia', 'arab', 'sa', 0, 0, 0, 1425357221, 1432768189);

-- --------------------------------------------------------

--
-- Table structure for table `tbl_model_lists`
--

CREATE TABLE IF NOT EXISTS `tbl_model_lists` (
  `id` int(11) unsigned NOT NULL AUTO_INCREMENT,
  `module_id` int(11) NOT NULL,
  `model` varchar(255) NOT NULL,
  PRIMARY KEY (`id`),
  KEY `id` (`id`)
) ENGINE=MyISAM  DEFAULT CHARSET=utf8 AUTO_INCREMENT=15 ;

--
-- Dumping data for table `tbl_model_lists`
--

INSERT INTO `tbl_model_lists` (`id`, `module_id`, `model`) VALUES
(1, 1, 'admin/Users'),
(2, 1, 'admin/UserProfiles'),
(3, 1, 'admin/UserHistories'),
(4, 1, 'admin/ModulePermissions'),
(5, 1, 'admin/UserGroupPermissions'),
(6, 1, 'admin/Languages'),
(7, 1, 'admin/Settings'),
(8, 1, 'admin/ServerLogs'),
(9, 1, 'admin/Sessions'),
(10, 8, 'page/Pages'),
(11, 8, 'page/PageMenus'),
(12, 11, 'product/Products'),
(13, 11, 'product/ProductCategories'),
(14, 11, 'product/ProductRecipes');

-- --------------------------------------------------------

--
-- Table structure for table `tbl_module_lists`
--

CREATE TABLE IF NOT EXISTS `tbl_module_lists` (
  `id` int(11) unsigned NOT NULL AUTO_INCREMENT,
  `parent_id` int(11) NOT NULL,
  `module_name` varchar(255) NOT NULL,
  `module_link` varchar(255) DEFAULT NULL,
  `order` int(11) NOT NULL,
  PRIMARY KEY (`id`),
  KEY `id` (`id`)
) ENGINE=MyISAM  DEFAULT CHARSET=utf8 AUTO_INCREMENT=15 ;

--
-- Dumping data for table `tbl_module_lists`
--

INSERT INTO `tbl_module_lists` (`id`, `parent_id`, `module_name`, `module_link`, `order`) VALUES
(1, 0, 'admin', '#', 0),
(2, 1, 'Dashboard Panel', 'dashboard/index', 0),
(3, 1, 'Users', 'user/index', 1),
(4, 1, 'User Groups', 'usergroup/index', 2),
(5, 1, 'Languages', 'language/index', 3),
(6, 1, 'Settings', 'setting/index', 4),
(7, 1, 'Server Logs', 'serverlog/index', 5),
(8, 0, 'page', '#', 1),
(9, 8, 'Pages', 'page/index', 0),
(10, 8, 'Page Menus', 'pagemenu/index', 1),
(11, 0, 'product', '#', 2),
(12, 11, 'Product', 'product/index', 0),
(13, 11, 'Product Categories', 'product_category/index', 1),
(14, 11, 'Product Recipes', 'product_recipe/index', 2);

-- --------------------------------------------------------

--
-- Table structure for table `tbl_module_permissions`
--

CREATE TABLE IF NOT EXISTS `tbl_module_permissions` (
  `id` int(11) unsigned NOT NULL AUTO_INCREMENT,
  `module_id` int(11) NOT NULL,
  `module_name` varchar(255) NOT NULL,
  `module_link` varchar(255) DEFAULT NULL,
  `order` int(11) NOT NULL,
  PRIMARY KEY (`id`),
  KEY `id` (`id`)
) ENGINE=MyISAM  DEFAULT CHARSET=utf8 AUTO_INCREMENT=95 ;

--
-- Dumping data for table `tbl_module_permissions`
--

INSERT INTO `tbl_module_permissions` (`id`, `module_id`, `module_name`, `module_link`, `order`) VALUES
(1, 1, 'Dashboard Panel', 'dashboard/index', 0),
(2, 1, 'Users', 'user/index', 1),
(3, 1, 'User Groups', 'usergroup/index', 2),
(4, 1, 'Languages', 'language/index', 3),
(5, 1, 'Settings', 'setting/index', 4),
(6, 1, 'Server Logs', 'serverlog/index', 5),
(7, 1, 'Add New Dashboard', 'dashboard/add', 6),
(8, 1, 'View Dashboard', 'dashboard/view', 7),
(9, 1, 'Edit Dashboard', 'dashboard/edit', 8),
(10, 1, 'Delete Dashboard', 'dashboard/delete', 9),
(11, 1, 'Change Dashboard Status', 'dashboard/change', 10),
(12, 1, 'Add User', 'user/add', 11),
(13, 1, 'View User', 'user/view', 12),
(14, 1, 'Edit User', 'user/edit', 13),
(15, 1, 'Delete User', 'user/delete', 14),
(16, 1, 'Change User Status', 'user/change', 15),
(17, 1, 'Change User Image', 'user/image', 16),
(18, 1, 'Upload User Image', 'user/upload', 17),
(19, 1, 'Add User Group', 'usergroup/add', 18),
(20, 1, 'View User Group', 'usergroup/view', 19),
(21, 1, 'Edit User Group', 'usergroup/edit', 20),
(22, 1, 'Delete User Group', 'usergroup/delete', 21),
(23, 1, 'Change User Group Status', 'usergroup/change', 22),
(24, 1, 'Add Language', 'language/add', 23),
(25, 1, 'View Language', 'language/view', 24),
(26, 1, 'Edit Language', 'language/edit', 25),
(27, 1, 'Delete Language', 'language/delete', 26),
(28, 1, 'Change Language Status', 'language/change', 27),
(29, 1, 'Add Setting', 'setting/add', 28),
(30, 1, 'View Setting', 'setting/view', 29),
(31, 1, 'Edit Setting', 'setting/edit', 30),
(32, 1, 'Delete Setting', 'setting/delete', 31),
(33, 1, 'Change Setting Status', 'setting/change', 32),
(34, 1, 'View Server Log', 'serverlog/view', 33),
(35, 1, 'Edit Server Log', 'serverlog/edit', 34),
(36, 1, 'Delete Server Log', 'serverlog/delete', 35),
(37, 1, 'Trash Server Log', 'serverlog/trash', 36),
(38, 8, 'Pages', 'page/index', 0),
(39, 8, 'Page Menus', 'pagemenu/index', 1),
(40, 8, 'Add Page', 'page/index/add', 2),
(41, 8, 'View Page', 'page/index/view', 3),
(42, 8, 'Edit Page', 'page/index/edit', 4),
(43, 8, 'Delete Page', 'page/index/delete', 5),
(44, 8, 'Detail Page', 'page/detail', 6),
(45, 8, 'Translate Page', 'page/translate', 7),
(46, 8, 'Change Page Status', 'page/index/change', 8),
(47, 8, 'Export Page', 'page/index/export', 9),
(48, 8, 'Print Page', 'page/index/print', 10),
(49, 8, 'Gallery', 'page_gallery/index', 11),
(50, 8, 'Add Gallery', 'page_gallery/index/add', 12),
(51, 8, 'View Gallery', 'page_gallery/index/view', 13),
(52, 8, 'Edit Gallery', 'page_gallery/index/edit', 14),
(53, 8, 'Delete Gallery', 'page_gallery/index/delete', 15),
(54, 8, 'Change Gallery', 'page_gallery/index/change', 16),
(55, 8, 'Export Gallery', 'page_gallery/index/export', 17),
(56, 8, 'Print Gallery', 'page_gallery/index/print', 18),
(57, 8, 'Add Page Menu', 'pagemenu/index/add', 19),
(58, 8, 'View Page Menu', 'pagemenu/index/view', 20),
(59, 8, 'Edit Page Menu', 'pagemenu/index/edit', 21),
(60, 8, 'Delete Page Menu', 'pagemenu/index/delete', 22),
(61, 8, 'Detail Page Menu', 'pagemenu/detail', 23),
(62, 8, 'Translate Page Menu', 'pagemenu/translate', 24),
(63, 8, 'Change Page Menu Status', 'pagemenu/index/change', 25),
(64, 8, 'Export Page Menu', 'pagemenu/index/export', 26),
(65, 8, 'Print Page Menu', 'pagemenu/index/print', 27),
(66, 11, 'Product', 'product/index', 0),
(67, 11, 'Product Categories', 'product_category/index', 1),
(68, 11, 'Product Recipes', 'product_recipe/index', 2),
(69, 11, 'Add Product', 'product/index/add', 3),
(70, 11, 'View Product', 'product/index/view', 4),
(71, 11, 'Edit Product', 'product/index/edit', 5),
(72, 11, 'Delete Product', 'product/index/delete', 6),
(73, 11, 'Detail Product', 'product/detail', 7),
(74, 11, 'Translate Product', 'product/translate', 8),
(75, 11, 'Change Product Status', 'product/index/change', 9),
(76, 11, 'Export Product', 'product/index/export', 10),
(77, 11, 'Print Product', 'product/index/print', 11),
(78, 11, 'Gallery', 'product_gallery/index', 12),
(79, 11, 'Add Gallery', 'product_gallery/index/add', 13),
(80, 11, 'View Gallery', 'product_gallery/index/view', 14),
(81, 11, 'Edit Gallery', 'product_gallery/index/edit', 15),
(82, 11, 'Delete Gallery', 'product_gallery/index/delete', 16),
(83, 11, 'Change Gallery', 'product_gallery/index/change', 17),
(84, 11, 'Export Gallery', 'product_gallery/index/export', 18),
(85, 11, 'Print Gallery', 'product_gallery/index/print', 19),
(86, 11, 'Add Page Menu', 'product_category/index/add', 20),
(87, 11, 'View Page Menu', 'product_category/index/view', 21),
(88, 11, 'Edit Page Menu', 'product_category/index/edit', 22),
(89, 11, 'Delete Page Menu', 'product_category/index/delete', 23),
(90, 11, 'Detail Page Menu', 'product_category/detail', 24),
(91, 11, 'Translate Page Menu', 'product_category/translate', 25),
(92, 11, 'Change Page Menu Status', 'product_category/index/change', 26),
(93, 11, 'Export Page Menu', 'product_category/index/export', 27),
(94, 11, 'Print Page Menu', 'product_category/index/print', 28);

-- --------------------------------------------------------

--
-- Table structure for table `tbl_pages`
--

CREATE TABLE IF NOT EXISTS `tbl_pages` (
  `id` int(11) unsigned NOT NULL AUTO_INCREMENT,
  `menu_id` int(11) unsigned DEFAULT NULL,
  `name` varchar(255) DEFAULT NULL,
  `subject` varchar(255) DEFAULT NULL,
  `url` varchar(255) NOT NULL,
  `synopsis` text,
  `text` text,
  `media` varchar(255) DEFAULT NULL,
  `attribute` text,
  `publish_date` date DEFAULT NULL,
  `unpublish_date` date DEFAULT NULL,
  `allow_comment` tinyint(1) DEFAULT NULL,
  `tags` text,
  `order` tinyint(3) DEFAULT NULL,
  `user_id` tinyint(3) DEFAULT NULL,
  `count` int(11) DEFAULT NULL,
  `status` enum('publish','unpublish','deleted') DEFAULT 'publish',
  `added` int(11) DEFAULT NULL,
  `modified` int(11) DEFAULT NULL,
  PRIMARY KEY (`id`),
  KEY `category_id` (`menu_id`,`name`,`publish_date`,`unpublish_date`,`allow_comment`,`order`)
) ENGINE=MyISAM  DEFAULT CHARSET=utf8 AUTO_INCREMENT=15 ;

--
-- Dumping data for table `tbl_pages`
--

INSERT INTO `tbl_pages` (`id`, `menu_id`, `name`, `subject`, `url`, `synopsis`, `text`, `media`, `attribute`, `publish_date`, `unpublish_date`, `allow_comment`, `tags`, `order`, `user_id`, `count`, `status`, `added`, `modified`) VALUES
(1, 1, '', 'Kewpie is now present in Indonesia!', 'kewpie-is-now-present-in-indonesia', '<p>\n	Lorem ipsum dolor sit amet, consectetur adipiscing elit. Aenean at faucibus enim. Sed vel tempor elit, nec eleifend justo. Nullam varius a tortor quis imperdiet. Vivamus ac faucibus nulla. Vestibulum gravida ultricies magna,</p>\n', '<p>\n	Kewpie is now present in Indonesia. Lorem Ipsum is simply dummy text of the printing and typesetting industry. Lorem Ipsum has been the industry&#39;s standard dummy text ever since the 1500s, when an unknown printer took a galley of type and scrambled it to make a type specimen book. It has survived not only five centuries, but also the leap into electronic typesetting, remaining essentially unchanged. It was popularised in the 1960s with the release of Letraset sheets containing Lorem Ipsum passages, and more recently with desktop publishing software like Aldus PageMaker including versions of Lorem Ipsum.</p>\n', NULL, NULL, '2015-02-13', '2015-02-28', 1, NULL, NULL, NULL, NULL, 'publish', NULL, 1432744153),
(8, 2, NULL, 'Mayonnaise', 'mayonnaise', '<p>\n	mayonnaise</p>\n', '<p>\n	mayonnaise text</p>\n', 'c3160-mayonais.png', NULL, '2015-05-27', '2015-05-27', NULL, NULL, NULL, NULL, NULL, 'publish', 1432716809, 1432717128),
(9, 2, NULL, 'Oyster Sauce', 'oyster-sauce', '<p>\n	Oyster Sauce</p>\n', '<p>\n	Oyster Sauce</p>\n', '9b83b-saus-tiram.png', NULL, '2015-05-27', '2015-05-27', NULL, NULL, NULL, NULL, NULL, 'publish', 1432717200, NULL),
(10, 2, NULL, 'Sandwich spread', 'sandwich-spread', '<p>\n	Sandwich spread</p>\n', '<p>\n	Sandwich spread</p>\n', '8936e-olesan-sandwich.png', NULL, '2015-05-27', '2015-05-27', NULL, NULL, NULL, NULL, NULL, 'publish', 1432717246, NULL),
(11, 2, NULL, 'Sweet sauce', 'sweet-sauce', '<p>\n	Sweet sauce</p>\n', '<p>\n	Sweet sauce</p>\n', '9263e-saus-manis.png', NULL, '2015-05-27', '2015-05-27', NULL, NULL, NULL, NULL, NULL, 'publish', 1432717281, NULL),
(12, 3, NULL, 'KEWPIE Mayonnaise Origins', 'kewpie-mayonnaise-origins', '<p>\n	KEWPIE Mayonnaise Origins<br />\n	<br />\n	Contrary to popular belief, Lorem Ipsum is not simply random text. It has roots in a piece of classical Latin literature from 45 BC, making it over 2000 years old.</p>\n', '<p>\n	Contrary to popular belief, Lorem Ipsum is not simply random text. It has roots in a piece of classical Latin literature from 45 BC, making it over 2000 years old. Richard McClintock, a Latin professor at Hampden-Sydney College in Virginia, looked up one of the more obscure Latin words, consectetur, from a Lorem Ipsum passage, and going through the cites of the word in classical literature, discovered the undoubtable source. Lorem Ipsum comes from sections 1.10.32 and 1.10.33 of &quot;de Finibus Bonorum et Malorum&quot; (The Extremes of Good and Evil) by Cicero, written in 45 BC. This book is a treatise on the theory of ethics, very popular during the Renaissance. The first line of Lorem Ipsum, &quot;Lorem ipsum dolor sit amet..&quot;, comes from a line in section 1.10.32.<br />\n	<br />\n	The standard chunk of Lorem Ipsum used since the 1500s is reproduced below for those interested. Sections 1.10.32 and 1.10.33 from &quot;de Finibus Bonorum et Malorum&quot; by Cicero are also reproduced in their exact original form, accompanied by English versions from the 1914 translation by H. Rackham.</p>\n', NULL, NULL, NULL, NULL, NULL, NULL, NULL, NULL, NULL, 'publish', 1432767310, 1432786988),
(14, 3, NULL, 'Packaging & Storage', 'packaging-storage', '<p>\n	Packaging &amp; Storage</p>\n', '<p>\n	Packaging &amp; Storage</p>\n', NULL, NULL, NULL, NULL, NULL, NULL, NULL, NULL, NULL, 'publish', 1432789056, NULL),
(13, 3, NULL, 'What’s In Our Mayonnaise', 'whats-in-our-mayonnaise', '<p>\n	What&rsquo;s In Our Mayonnaise</p>\n', 'What’s In Our Mayonnaise\n', NULL, NULL, NULL, NULL, NULL, NULL, NULL, NULL, NULL, 'publish', 1432767782, 1432787291);

-- --------------------------------------------------------

--
-- Table structure for table `tbl_page_images`
--

CREATE TABLE IF NOT EXISTS `tbl_page_images` (
  `id` int(11) unsigned NOT NULL AUTO_INCREMENT,
  `field_id` int(11) unsigned DEFAULT NULL,
  `url` varchar(255) DEFAULT NULL,
  `title` varchar(255) DEFAULT NULL,
  `file_name` text,
  `priority` int(11) DEFAULT NULL,
  `count` int(11) DEFAULT NULL,
  `status` tinyint(1) DEFAULT '1',
  `added` int(11) DEFAULT NULL,
  `modified` int(11) DEFAULT NULL,
  PRIMARY KEY (`id`),
  KEY `conference_id` (`field_id`,`url`)
) ENGINE=MyISAM  DEFAULT CHARSET=utf8 AUTO_INCREMENT=78 ;

--
-- Dumping data for table `tbl_page_images`
--

INSERT INTO `tbl_page_images` (`id`, `field_id`, `url`, `title`, `file_name`, `priority`, `count`, `status`, `added`, `modified`) VALUES
(76, 1, NULL, NULL, '7fbc4-bg-footer.jpg', NULL, NULL, 1, NULL, NULL),
(75, 1, NULL, NULL, '3354e-bg-main-kewpie.jpg', NULL, NULL, 1, NULL, NULL),
(77, 1, NULL, NULL, '28e57-tentang-1.jpg', NULL, NULL, 1, NULL, NULL);

-- --------------------------------------------------------

--
-- Table structure for table `tbl_page_menus`
--

CREATE TABLE IF NOT EXISTS `tbl_page_menus` (
  `id` int(11) unsigned NOT NULL AUTO_INCREMENT,
  `parent_id` int(11) unsigned DEFAULT NULL,
  `type` enum('page','product','recipe','news') DEFAULT NULL,
  `name` varchar(128) DEFAULT NULL,
  `subject` varchar(255) DEFAULT NULL,
  `text` text,
  `url` varchar(255) DEFAULT NULL,
  `media` varchar(255) DEFAULT NULL,
  `position` varchar(255) DEFAULT NULL,
  `sub_level` tinyint(3) DEFAULT NULL,
  `order` tinyint(3) DEFAULT NULL,
  `is_system` tinyint(3) DEFAULT NULL,
  `has_child` tinyint(3) DEFAULT NULL,
  `user_id` tinyint(3) DEFAULT NULL,
  `count` int(11) DEFAULT NULL,
  `status` enum('publish','unpublish','deleted') DEFAULT 'publish',
  `added` int(11) DEFAULT NULL,
  `modified` int(11) DEFAULT NULL,
  PRIMARY KEY (`id`),
  KEY `parent_id` (`parent_id`,`name`,`sub_level`,`order`,`status`)
) ENGINE=MyISAM  DEFAULT CHARSET=utf8 AUTO_INCREMENT=7 ;

--
-- Dumping data for table `tbl_page_menus`
--

INSERT INTO `tbl_page_menus` (`id`, `parent_id`, `type`, `name`, `subject`, `text`, `url`, `media`, `position`, `sub_level`, `order`, `is_system`, `has_child`, `user_id`, `count`, `status`, `added`, `modified`) VALUES
(2, NULL, 'product', NULL, 'Our Product', '<p>\n	Products PT. Kewpie INDONESIA obtain Halal certification and NKV, and begin product sales for Food Service.</p>\n', 'our-product', '59770-3_cottage_lane_s2_by_vinzdelacalzada.jpg', 'top', NULL, NULL, NULL, NULL, NULL, NULL, 'publish', NULL, 1432757330),
(3, NULL, 'page', NULL, 'Inside KEWPIE', '<h2>\n	KEWPIE Indonesia</h2>\n<p>\n	<br />\n	PT. Kewpie INDONESIA established in 2013 and started the first sales specialized Food Service in October 2014. With the halal certificate and NKV, Kewpie Indonesia providing halal food products, safe and quality for the people of Indonesia.</p>\n<h2>\n	<br />\n	Company Timeline</h2>\n<p>\n	<strong>1919</strong><br />\n	<br />\n	Shokuhin Kogyo Co., Ltd., the beginning of what is now called Kewpie Corporation stands at Otaki-cho, Nakano-ku, Tokyo and started producing and processing a wide range of food products.<br />\n	<br />\n	<strong>1925</strong><br />\n	<br />\n	Kewpie Mayonnaise sales began. Kewpie mayonnaise sold in a glass jar packaging weighing 100 grams and 128 grams, and is mayonaiss in the first jar packaging in Japan.<br />\n	<br />\n	<strong>1957</strong><br />\n	<br />\n	Company renamed Kewpie Corporation, in accordance with mayonnaise brand names that are well known.<br />\n	<br />\n	<strong>2013</strong><br />\n	<br />\n	PT. Kewpie INDONESIA stand.<br />\n	<br />\n	<strong>2014</strong><br />\n	<br />\n	Products PT. Kewpie INDONESIA obtain Halal certification and NKV, and begin product sales for Food Service.<br />\n	<br />\n	<strong>2015</strong><br />\n	<br />\n	Sales of retail products PT. Kewpie INDONESIA begins.</p>\n<h2>\n	Halal certification and NKV</h2>\n<p>\n	All products are certified kosher Kewpie Indonesia officially issued by MUI LPPOM. The products are made from egg has officially NKV.</p>\n<p>\n	&nbsp;</p>\n<p>\n	&nbsp;</p>\n<p>\n	&nbsp;</p>\n<p>\n	&nbsp;</p>\n<p>\n	&nbsp;</p>\n<p>\n	&nbsp;</p>\n', 'inside-kewpie', 'a7df1-smpl-rsp-1.png', 'top', NULL, NULL, NULL, NULL, NULL, NULL, 'publish', NULL, 1432757341),
(4, NULL, 'recipe', NULL, 'Recipes', '<p>\n	Recipes Page Menu Description</p>\n', 'recipes', NULL, 'top', NULL, NULL, NULL, NULL, NULL, NULL, 'publish', 1432635063, 1432757350),
(5, NULL, 'page', NULL, 'Who are we', '<p>\n	Who are we description</p>\n', 'who-are-we', NULL, 'top', NULL, NULL, NULL, NULL, NULL, NULL, 'publish', 1432635116, 1432757359),
(6, NULL, 'news', NULL, 'Latest News', '<p>\n	Latest News menu description</p>\n', 'latest-news', NULL, 'top', NULL, NULL, NULL, NULL, NULL, NULL, 'publish', 1432635133, 1432757369),
(1, NULL, NULL, NULL, 'Home', '<p>\n	Home Page Description</p>\n', 'home', NULL, 'top', NULL, NULL, NULL, NULL, NULL, NULL, 'publish', NULL, 1432711581);

-- --------------------------------------------------------

--
-- Table structure for table `tbl_products`
--

CREATE TABLE IF NOT EXISTS `tbl_products` (
  `id` int(11) unsigned NOT NULL AUTO_INCREMENT,
  `category_id` int(11) unsigned DEFAULT NULL,
  `name` varchar(255) DEFAULT NULL,
  `subject` varchar(255) DEFAULT NULL,
  `url` varchar(255) DEFAULT NULL,
  `synopsis` text,
  `text` text,
  `media` varchar(255) DEFAULT NULL,
  `attribute` text,
  `allow_comment` tinyint(1) DEFAULT NULL,
  `tags` text,
  `order` tinyint(3) DEFAULT NULL,
  `user_id` tinyint(3) DEFAULT NULL,
  `count` int(11) DEFAULT NULL,
  `status` enum('publish','unpublish','deleted') DEFAULT 'publish',
  `added` int(11) DEFAULT NULL,
  `modified` int(11) DEFAULT NULL,
  PRIMARY KEY (`id`),
  KEY `category_id` (`category_id`,`name`,`allow_comment`,`order`)
) ENGINE=MyISAM  DEFAULT CHARSET=utf8 AUTO_INCREMENT=18 ;

--
-- Dumping data for table `tbl_products`
--

INSERT INTO `tbl_products` (`id`, `category_id`, `name`, `subject`, `url`, `synopsis`, `text`, `media`, `attribute`, `allow_comment`, `tags`, `order`, `user_id`, `count`, `status`, `added`, `modified`) VALUES
(1, 1, NULL, 'Japanese Style', 'japanese-style', '<p>\n	Japanese Style</p>\n', '<p>\n	Japanese Style</p>\n', NULL, NULL, NULL, NULL, NULL, NULL, NULL, 'unpublish', 1432736374, 1432737866),
(2, 1, NULL, 'Mild Type', 'mild-type', '<p>\n	Mild Type</p>\n', '<p>\n	Mild Type</p>\n', NULL, NULL, NULL, NULL, NULL, NULL, NULL, 'unpublish', 1432736461, 1432737875),
(3, 1, NULL, 'Half Salad Dressing', 'half-salad-dressing', '<p>\n	Half Salad Dressing</p>\n', '<p>\n	Half Salad Dressing</p>\n', NULL, NULL, NULL, NULL, NULL, NULL, NULL, 'unpublish', 1432736506, 1432737884),
(4, 1, NULL, 'Mayo Sauce', 'mayo-sauce', '<p>\n	Mayo Sauce</p>\n', '<p>\n	Mayo Sauce</p>\n', NULL, NULL, NULL, NULL, NULL, NULL, NULL, 'unpublish', 1432736525, 1432737901),
(5, 2, NULL, 'Sesame Soy Sauce', 'sesame-soy-sauce', '<p>\n	Sesame Soy Sauce</p>\n', '<p>\n	Sesame Soy Sauce</p>\n', NULL, NULL, NULL, NULL, NULL, NULL, NULL, 'unpublish', 1432736561, NULL),
(6, 2, NULL, 'Roasted Sesame', 'roasted-sesame', '<p>\n	Roasted Sesame</p>\n', '<p>\n	Roasted Sesame</p>\n', NULL, NULL, NULL, NULL, NULL, NULL, NULL, 'unpublish', 1432736577, 1432737981),
(7, 2, NULL, 'Wasabi Taste', 'wasabi-taste', '<p>\n	Wasabi Taste</p>\n', '<p>\n	Wasabi Taste</p>\n', NULL, NULL, NULL, NULL, NULL, NULL, NULL, 'unpublish', 1432736599, 1432737975),
(8, 2, NULL, 'Caesar', 'caesar', '<p>\n	Caesar</p>\n', '<p>\n	Caesar</p>\n', NULL, NULL, NULL, NULL, NULL, NULL, NULL, 'unpublish', 1432736638, 1432737964),
(9, 2, NULL, 'Hot Spicy', 'hot-spicy', '<p>\n	Hot Spicy</p>\n', '<p>\n	Hot Spicy</p>\n', NULL, NULL, NULL, NULL, NULL, NULL, NULL, 'unpublish', 1432736661, NULL),
(10, 3, NULL, 'Original', 'original', '<p>\n	Original</p>\n', '<p>\n	Original</p>\n', NULL, NULL, NULL, NULL, NULL, NULL, NULL, 'unpublish', 1432736680, NULL),
(11, 3, NULL, 'Spicy Black Pepper', 'spicy-black-pepper', '<p>\n	Spicy Black Pepper</p>\n', '<p>\n	Spicy Black Pepper</p>\n', NULL, NULL, NULL, NULL, NULL, NULL, NULL, 'unpublish', 1432736698, 1432737960),
(12, 3, NULL, 'Cheesy Cheese', 'cheesy-cheese', '<p>\n	Cheesy Cheese</p>\n', '<p>\n	Cheesy Cheese</p>\n', NULL, NULL, NULL, NULL, NULL, NULL, NULL, 'unpublish', 1432736716, 1432737945),
(13, 4, NULL, 'Commercial Products', 'commercial-products', '<p>\n	Commercial Products</p>\n', '<p>\n	Commercial Products</p>\n', NULL, NULL, NULL, NULL, NULL, NULL, NULL, 'unpublish', 1432736779, 1432737939),
(14, 1, NULL, 'Mayonnaise', 'mayonnaise', '<p>\n	Kewpie Original Mayonnaise</p>\n', '<p>\n	Kewpie Original Mayonnaise</p>\n', '7a24e-mayonais.png', NULL, NULL, NULL, NULL, NULL, NULL, 'publish', 1432737543, 1432738228),
(15, 3, NULL, 'Oyster Sauce', 'oyster-sauce', '<p>\n	Oyster Sauce</p>\n', '<p>\n	Oyster Sauce</p>\n', '3e335-saus-tiram.png', NULL, NULL, NULL, NULL, NULL, NULL, 'publish', 1432737703, NULL),
(16, 3, NULL, 'Sandwich Spread', 'sandwich-spread', '<p>\n	Sandwich Spread</p>\n', '<p>\n	Sandwich Spread</p>\n', '42838-olesan-sandwich.png', NULL, NULL, NULL, NULL, NULL, NULL, 'publish', 1432737769, NULL),
(17, 3, NULL, 'Sweet Sauce', 'sweet-sauce', '<p>\n	Sweet Sauce</p>\n', '<p>\n	Sweet Sauce</p>\n', 'eaff0-saus-manis.png', NULL, NULL, NULL, NULL, NULL, NULL, 'publish', 1432737812, NULL);

-- --------------------------------------------------------

--
-- Table structure for table `tbl_product_categories`
--

CREATE TABLE IF NOT EXISTS `tbl_product_categories` (
  `id` int(11) unsigned NOT NULL AUTO_INCREMENT,
  `parent_id` int(11) unsigned DEFAULT NULL,
  `name` varchar(128) DEFAULT NULL,
  `subject` varchar(255) DEFAULT NULL,
  `text` text,
  `url` varchar(255) DEFAULT NULL,
  `media` varchar(255) DEFAULT NULL,
  `position` varchar(255) DEFAULT NULL,
  `sub_level` tinyint(3) DEFAULT NULL,
  `order` tinyint(3) DEFAULT NULL,
  `is_system` tinyint(3) DEFAULT NULL,
  `has_child` tinyint(3) DEFAULT NULL,
  `user_id` tinyint(3) DEFAULT NULL,
  `count` int(11) DEFAULT NULL,
  `status` enum('publish','unpublish','deleted') DEFAULT 'publish',
  `added` int(11) DEFAULT NULL,
  `modified` int(11) DEFAULT NULL,
  PRIMARY KEY (`id`),
  KEY `parent_id` (`parent_id`,`name`,`sub_level`,`order`,`status`)
) ENGINE=MyISAM  DEFAULT CHARSET=utf8 AUTO_INCREMENT=5 ;

--
-- Dumping data for table `tbl_product_categories`
--

INSERT INTO `tbl_product_categories` (`id`, `parent_id`, `name`, `subject`, `text`, `url`, `media`, `position`, `sub_level`, `order`, `is_system`, `has_child`, `user_id`, `count`, `status`, `added`, `modified`) VALUES
(1, NULL, NULL, 'Mayonnaise', '<p>\n	Mayonnaise</p>\n', 'mayonnaise', NULL, 'top', NULL, NULL, NULL, NULL, NULL, NULL, 'publish', 1432736197, NULL),
(2, NULL, NULL, 'Dressings', '<p>\n	Dressings</p>\n', 'dressings', NULL, 'top', NULL, NULL, NULL, NULL, NULL, NULL, 'publish', 1432736235, NULL),
(3, NULL, NULL, 'Spreads ', '<p>\n	Spreads</p>\n', 'spreads', NULL, 'top', NULL, NULL, NULL, NULL, NULL, NULL, 'publish', 1432736254, NULL),
(4, NULL, NULL, 'Food Services', '<p>\n	Lorem ipsum dolor sit amet, consectetur adipiscing elit. Aenean at faucibus enim. Sed vel tempor elit, nec eleifend justo. Nullam varius a tortor quis imperdiet. Vivamus ac faucibus nulla. Vestibulum gravida ultricies magna,</p>\n', 'food-services', '7a272-food-service-thumb.png', 'top', NULL, NULL, NULL, NULL, NULL, NULL, 'publish', 1432736266, 1432789801);

-- --------------------------------------------------------

--
-- Table structure for table `tbl_product_images`
--

CREATE TABLE IF NOT EXISTS `tbl_product_images` (
  `id` int(11) unsigned NOT NULL AUTO_INCREMENT,
  `field_id` int(11) unsigned DEFAULT NULL,
  `url` varchar(255) DEFAULT NULL,
  `title` varchar(255) DEFAULT NULL,
  `file_name` text,
  `priority` int(11) DEFAULT NULL,
  `count` int(11) DEFAULT NULL,
  `status` tinyint(1) DEFAULT '1',
  `added` int(11) DEFAULT NULL,
  `modified` int(11) DEFAULT NULL,
  PRIMARY KEY (`id`),
  KEY `conference_id` (`field_id`,`url`)
) ENGINE=MyISAM DEFAULT CHARSET=utf8 AUTO_INCREMENT=1 ;

-- --------------------------------------------------------

--
-- Table structure for table `tbl_product_recipes`
--

CREATE TABLE IF NOT EXISTS `tbl_product_recipes` (
  `id` int(11) unsigned NOT NULL AUTO_INCREMENT,
  `product_id` int(11) unsigned DEFAULT NULL,
  `name` varchar(255) DEFAULT NULL,
  `subject` varchar(255) DEFAULT NULL,
  `url` varchar(255) DEFAULT NULL,
  `synopsis` text,
  `text` text,
  `media` varchar(255) DEFAULT NULL,
  `attribute` text,
  `allow_comment` tinyint(1) DEFAULT NULL,
  `tags` text,
  `order` tinyint(3) DEFAULT NULL,
  `user_id` tinyint(3) DEFAULT NULL,
  `count` int(11) DEFAULT NULL,
  `status` enum('publish','unpublish','deleted') DEFAULT 'publish',
  `added` int(11) DEFAULT NULL,
  `modified` int(11) DEFAULT NULL,
  PRIMARY KEY (`id`),
  KEY `product_id` (`product_id`,`name`,`allow_comment`,`order`)
) ENGINE=MyISAM  DEFAULT CHARSET=utf8 AUTO_INCREMENT=2 ;

--
-- Dumping data for table `tbl_product_recipes`
--

INSERT INTO `tbl_product_recipes` (`id`, `product_id`, `name`, `subject`, `url`, `synopsis`, `text`, `media`, `attribute`, `allow_comment`, `tags`, `order`, `user_id`, `count`, `status`, `added`, `modified`) VALUES
(1, 1, NULL, 'KEWPIE Potato Salad', 'kewpie-potato-salad', '<p class="bodyText_Type_Color" itemprop="description" style="font-size: 14px; line-height: 17px;">\n	If you&rsquo;re a fan of mayonnaise, this salad is a must-try recipe.<br />\n	But don&rsquo;t forget to use it with KEWPIE MAYONNAISE</p>\n<p class="bodyText_Type_Color" style="font-size: 14px; line-height: 17px;">\n	JAPANESE STYLE for that extra tasty, unique flavour.</p>\n', '<p class="bodyText_Type_Color" itemprop="description" style="font-size: 14px; line-height: 17px;">\n	If you&rsquo;re a fan of mayonnaise, this salad is a must-try recipe.<br />\n	But don&rsquo;t forget to use it with KEWPIE MAYONNAISE</p>\n<p class="bodyText_Type_Color" style="font-size: 14px; line-height: 17px;">\n	JAPANESE STYLE for that extra tasty, unique flavour.</p>\n', NULL, NULL, NULL, NULL, NULL, NULL, NULL, 'publish', 1432737062, NULL);

-- --------------------------------------------------------

--
-- Table structure for table `tbl_server_logs`
--

CREATE TABLE IF NOT EXISTS `tbl_server_logs` (
  `id` int(11) unsigned NOT NULL AUTO_INCREMENT,
  `session_id` varchar(64) DEFAULT NULL,
  `url` varchar(255) DEFAULT NULL,
  `user_id` int(11) unsigned DEFAULT NULL,
  `http_code` int(11) unsigned NOT NULL,
  `status_code` varchar(160) DEFAULT NULL,
  `bytes_served` int(11) unsigned DEFAULT NULL,
  `total_time` varchar(160) DEFAULT NULL,
  `ip_address` varchar(45) DEFAULT '0',
  `referrer` varchar(255) DEFAULT NULL,
  `user_agent` varchar(255) DEFAULT NULL,
  `is_mobile` int(11) DEFAULT NULL,
  `status` int(1) unsigned NOT NULL,
  `added` int(11) unsigned NOT NULL,
  `modified` int(11) unsigned NOT NULL,
  PRIMARY KEY (`id`),
  KEY `url` (`url`,`user_id`)
) ENGINE=MyISAM  DEFAULT CHARSET=utf8 AUTO_INCREMENT=254 ;

--
-- Dumping data for table `tbl_server_logs`
--

INSERT INTO `tbl_server_logs` (`id`, `session_id`, `url`, `user_id`, `http_code`, `status_code`, `bytes_served`, `total_time`, `ip_address`, `referrer`, `user_agent`, `is_mobile`, `status`, `added`, `modified`) VALUES
(1, 'b51c6db498c1fcd1018a9d212f7248df', 'http://localhost/dentsu.digital/home/menu', NULL, 200, 'OK', NULL, '0.68937200 1429252025', '139.0.26.20', '', '{"user_agent":"Mozilla\\/5.0 (Windows NT 6.1; WOW64; rv:37.0) Gecko\\/20100101 Firefox\\/37.0","platform":"Unknown Windows OS","browser":"Firefox"}', 0, 1, 1429252026, 0),
(2, 'b51c6db498c1fcd1018a9d212f7248df', 'http://localhost/dentsu.digital/home', NULL, 200, 'OK', NULL, '0.41274400 1429252029', '139.0.26.20', '', '{"user_agent":"Mozilla\\/5.0 (Windows NT 6.1; WOW64; rv:37.0) Gecko\\/20100101 Firefox\\/37.0","platform":"Unknown Windows OS","browser":"Firefox"}', 0, 1, 1429252029, 0),
(3, 'b51c6db498c1fcd1018a9d212f7248df', 'http://localhost/dentsu.digital/home/page', NULL, 200, 'OK', NULL, '0.73427600 1429252034', '139.0.26.20', '', '{"user_agent":"Mozilla\\/5.0 (Windows NT 6.1; WOW64; rv:37.0) Gecko\\/20100101 Firefox\\/37.0","platform":"Unknown Windows OS","browser":"Firefox"}', 0, 1, 1429252034, 0),
(4, '32856c45123d7612a07945654916953e', 'http://localhost/dentsu.digital/home/page', NULL, 200, 'OK', NULL, '0.33932300 1429252915', '139.0.26.20', '', '{"user_agent":"Mozilla\\/5.0 (Windows NT 6.1; WOW64; rv:37.0) Gecko\\/20100101 Firefox\\/37.0","platform":"Unknown Windows OS","browser":"Firefox"}', 0, 1, 1429252915, 0),
(5, '32856c45123d7612a07945654916953e', 'http://localhost/dentsu.digital/home/page', NULL, 200, 'OK', NULL, '0.59844900 1429252936', '139.0.26.20', '', '{"user_agent":"Mozilla\\/5.0 (Windows NT 6.1; WOW64; rv:37.0) Gecko\\/20100101 Firefox\\/37.0","platform":"Unknown Windows OS","browser":"Firefox"}', 0, 1, 1429252936, 0),
(6, '32856c45123d7612a07945654916953e', 'http://localhost/dentsu.digital/home/page', NULL, 200, 'OK', NULL, '0.32752200 1429252937', '139.0.26.20', '', '{"user_agent":"Mozilla\\/5.0 (Windows NT 6.1; WOW64; rv:37.0) Gecko\\/20100101 Firefox\\/37.0","platform":"Unknown Windows OS","browser":"Firefox"}', 0, 1, 1429252937, 0),
(7, '32856c45123d7612a07945654916953e', 'http://localhost/dentsu.digital/home/page', NULL, 200, 'OK', NULL, '0.57854700 1429252937', '139.0.26.20', '', '{"user_agent":"Mozilla\\/5.0 (Windows NT 6.1; WOW64; rv:37.0) Gecko\\/20100101 Firefox\\/37.0","platform":"Unknown Windows OS","browser":"Firefox"}', 0, 1, 1429252937, 0),
(8, '32856c45123d7612a07945654916953e', 'http://localhost/dentsu.digital/home/page', NULL, 200, 'OK', NULL, '0.86397500 1429252951', '139.0.26.20', '', '{"user_agent":"Mozilla\\/5.0 (Windows NT 6.1; WOW64; rv:37.0) Gecko\\/20100101 Firefox\\/37.0","platform":"Unknown Windows OS","browser":"Firefox"}', 0, 1, 1429252951, 0),
(9, '32856c45123d7612a07945654916953e', 'http://localhost/dentsu.digital/home/page', NULL, 200, 'OK', NULL, '0.31112000 1429253003', '139.0.26.20', '', '{"user_agent":"Mozilla\\/5.0 (Windows NT 6.1; WOW64; rv:37.0) Gecko\\/20100101 Firefox\\/37.0","platform":"Unknown Windows OS","browser":"Firefox"}', 0, 1, 1429253003, 0),
(10, '32856c45123d7612a07945654916953e', 'http://localhost/dentsu.digital/home/page', NULL, 200, 'OK', NULL, '0.87017500 1429253003', '139.0.26.20', '', '{"user_agent":"Mozilla\\/5.0 (Windows NT 6.1; WOW64; rv:37.0) Gecko\\/20100101 Firefox\\/37.0","platform":"Unknown Windows OS","browser":"Firefox"}', 0, 1, 1429253003, 0),
(11, '32856c45123d7612a07945654916953e', 'http://localhost/dentsu.digital/home/page', NULL, 200, 'OK', NULL, '0.05119400 1429253004', '139.0.26.20', '', '{"user_agent":"Mozilla\\/5.0 (Windows NT 6.1; WOW64; rv:37.0) Gecko\\/20100101 Firefox\\/37.0","platform":"Unknown Windows OS","browser":"Firefox"}', 0, 1, 1429253004, 0),
(12, '32856c45123d7612a07945654916953e', 'http://localhost/dentsu.digital/home/page', NULL, 200, 'OK', NULL, '0.41683000 1429253020', '139.0.26.20', '', '{"user_agent":"Mozilla\\/5.0 (Windows NT 6.1; WOW64; rv:37.0) Gecko\\/20100101 Firefox\\/37.0","platform":"Unknown Windows OS","browser":"Firefox"}', 0, 1, 1429253020, 0),
(13, '32856c45123d7612a07945654916953e', 'http://localhost/dentsu.digital/home/page', NULL, 200, 'OK', NULL, '0.67745600 1429253026', '139.0.26.20', '', '{"user_agent":"Mozilla\\/5.0 (Windows NT 6.1; WOW64; rv:37.0) Gecko\\/20100101 Firefox\\/37.0","platform":"Unknown Windows OS","browser":"Firefox"}', 0, 1, 1429253026, 0),
(14, '32856c45123d7612a07945654916953e', 'http://localhost/dentsu.digital/home/page', NULL, 200, 'OK', NULL, '0.06279400 1429253090', '139.0.26.20', '', '{"user_agent":"Mozilla\\/5.0 (Windows NT 6.1; WOW64; rv:37.0) Gecko\\/20100101 Firefox\\/37.0","platform":"Unknown Windows OS","browser":"Firefox"}', 0, 1, 1429253090, 0),
(15, '32856c45123d7612a07945654916953e', 'http://localhost/dentsu.digital/home/page', NULL, 200, 'OK', NULL, '0.67095400 1429253121', '139.0.26.20', '', '{"user_agent":"Mozilla\\/5.0 (Windows NT 6.1; WOW64; rv:37.0) Gecko\\/20100101 Firefox\\/37.0","platform":"Unknown Windows OS","browser":"Firefox"}', 0, 1, 1429253121, 0),
(16, '32856c45123d7612a07945654916953e', 'http://localhost/dentsu.digital/home/page', NULL, 200, 'OK', NULL, '0.43093000 1429253131', '139.0.26.20', '', '{"user_agent":"Mozilla\\/5.0 (Windows NT 6.1; WOW64; rv:37.0) Gecko\\/20100101 Firefox\\/37.0","platform":"Unknown Windows OS","browser":"Firefox"}', 0, 1, 1429253131, 0),
(17, '32856c45123d7612a07945654916953e', 'http://localhost/dentsu.digital/home/page', NULL, 200, 'OK', NULL, '0.80276700 1429253149', '139.0.26.20', '', '{"user_agent":"Mozilla\\/5.0 (Windows NT 6.1; WOW64; rv:37.0) Gecko\\/20100101 Firefox\\/37.0","platform":"Unknown Windows OS","browser":"Firefox"}', 0, 1, 1429253149, 0),
(18, '32856c45123d7612a07945654916953e', 'http://localhost/dentsu.digital/home/page', NULL, 200, 'OK', NULL, '0.06399300 1429253152', '139.0.26.20', '', '{"user_agent":"Mozilla\\/5.0 (Windows NT 6.1; WOW64; rv:37.0) Gecko\\/20100101 Firefox\\/37.0","platform":"Unknown Windows OS","browser":"Firefox"}', 0, 1, 1429253152, 0),
(19, '32856c45123d7612a07945654916953e', 'http://localhost/dentsu.digital/home/page', NULL, 200, 'OK', NULL, '0.48403500 1429253172', '139.0.26.20', '', '{"user_agent":"Mozilla\\/5.0 (Windows NT 6.1; WOW64; rv:37.0) Gecko\\/20100101 Firefox\\/37.0","platform":"Unknown Windows OS","browser":"Firefox"}', 0, 1, 1429253172, 0),
(20, '32856c45123d7612a07945654916953e', 'http://localhost/dentsu.digital/home/page', NULL, 200, 'OK', NULL, '0.37812500 1429253173', '139.0.26.20', '', '{"user_agent":"Mozilla\\/5.0 (Windows NT 6.1; WOW64; rv:37.0) Gecko\\/20100101 Firefox\\/37.0","platform":"Unknown Windows OS","browser":"Firefox"}', 0, 1, 1429253173, 0),
(21, '32856c45123d7612a07945654916953e', 'http://localhost/dentsu.digital/home/page', NULL, 200, 'OK', NULL, '0.62514900 1429253173', '139.0.26.20', '', '{"user_agent":"Mozilla\\/5.0 (Windows NT 6.1; WOW64; rv:37.0) Gecko\\/20100101 Firefox\\/37.0","platform":"Unknown Windows OS","browser":"Firefox"}', 0, 1, 1429253173, 0),
(22, '32856c45123d7612a07945654916953e', 'http://localhost/dentsu.digital/home/page', NULL, 200, 'OK', NULL, '0.84117100 1429253173', '139.0.26.20', '', '{"user_agent":"Mozilla\\/5.0 (Windows NT 6.1; WOW64; rv:37.0) Gecko\\/20100101 Firefox\\/37.0","platform":"Unknown Windows OS","browser":"Firefox"}', 0, 1, 1429253173, 0),
(23, '1f3070a252200c4a83876223275d229b', 'http://localhost/dentsu.digital/home/page', NULL, 200, 'OK', NULL, '0.31191700 1429253261', '139.0.26.20', '', '{"user_agent":"Mozilla\\/5.0 (Windows NT 6.1; WOW64; rv:37.0) Gecko\\/20100101 Firefox\\/37.0","platform":"Unknown Windows OS","browser":"Firefox"}', 0, 1, 1429253261, 0),
(24, '1f3070a252200c4a83876223275d229b', 'http://localhost/dentsu.digital/home/page', NULL, 200, 'OK', NULL, '0.67705400 1429253262', '139.0.26.20', '', '{"user_agent":"Mozilla\\/5.0 (Windows NT 6.1; WOW64; rv:37.0) Gecko\\/20100101 Firefox\\/37.0","platform":"Unknown Windows OS","browser":"Firefox"}', 0, 1, 1429253262, 0),
(25, '1f3070a252200c4a83876223275d229b', 'http://localhost/dentsu.digital/home/page', NULL, 200, 'OK', NULL, '0.44863000 1429253288', '139.0.26.20', '', '{"user_agent":"Mozilla\\/5.0 (Windows NT 6.1; WOW64; rv:37.0) Gecko\\/20100101 Firefox\\/37.0","platform":"Unknown Windows OS","browser":"Firefox"}', 0, 1, 1429253288, 0),
(106, 'e11de059f1f8d86c6bc467bc29c7febb', 'http://localhost/dentsu.digital/', NULL, 200, 'OK', NULL, '0.44487700 1429260431', '::1', '', '{"user_agent":"Mozilla\\/5.0 (Windows NT 6.1; WOW64) AppleWebKit\\/537.36 (KHTML, like Gecko) Chrome\\/42.0.2311.90 Safari\\/537.36","platform":"Unknown Windows OS","browser":"Chrome"}', 0, 1, 1429260432, 0),
(107, '66e727ff0019d9afc371929492a69823', 'http://localhost/dentsu.digital/home/page', NULL, 200, 'OK', NULL, '0.06122100 1429262235', '::1', '', '{"user_agent":"Mozilla\\/5.0 (Windows NT 6.1; WOW64; rv:37.0) Gecko\\/20100101 Firefox\\/37.0","platform":"Unknown Windows OS","browser":"Firefox"}', 0, 1, 1429262235, 0),
(108, '66e727ff0019d9afc371929492a69823', 'http://localhost/dentsu.digital/home/page', NULL, 200, 'OK', NULL, '0.32824800 1429262245', '::1', '', '{"user_agent":"Mozilla\\/5.0 (Windows NT 6.1; WOW64; rv:37.0) Gecko\\/20100101 Firefox\\/37.0","platform":"Unknown Windows OS","browser":"Firefox"}', 0, 1, 1429262245, 0),
(109, '66e727ff0019d9afc371929492a69823', 'http://localhost/dentsu.digital/home/page', NULL, 200, 'OK', NULL, '0.03571800 1429262250', '::1', '', '{"user_agent":"Mozilla\\/5.0 (Windows NT 6.1; WOW64; rv:37.0) Gecko\\/20100101 Firefox\\/37.0","platform":"Unknown Windows OS","browser":"Firefox"}', 0, 1, 1429262250, 0),
(110, '66e727ff0019d9afc371929492a69823', 'http://localhost/dentsu.digital/home/page', NULL, 200, 'OK', NULL, '0.76849100 1429262277', '::1', '', '{"user_agent":"Mozilla\\/5.0 (Windows NT 6.1; WOW64; rv:37.0) Gecko\\/20100101 Firefox\\/37.0","platform":"Unknown Windows OS","browser":"Firefox"}', 0, 1, 1429262277, 0),
(111, '66e727ff0019d9afc371929492a69823', 'http://localhost/dentsu.digital/home/page', NULL, 200, 'OK', NULL, '0.89560400 1429262278', '::1', '', '{"user_agent":"Mozilla\\/5.0 (Windows NT 6.1; WOW64; rv:37.0) Gecko\\/20100101 Firefox\\/37.0","platform":"Unknown Windows OS","browser":"Firefox"}', 0, 1, 1429262279, 0),
(112, '66e727ff0019d9afc371929492a69823', 'http://localhost/dentsu.digital/home/page', NULL, 200, 'OK', NULL, '0.22163700 1429262279', '::1', '', '{"user_agent":"Mozilla\\/5.0 (Windows NT 6.1; WOW64; rv:37.0) Gecko\\/20100101 Firefox\\/37.0","platform":"Unknown Windows OS","browser":"Firefox"}', 0, 1, 1429262279, 0),
(113, '66e727ff0019d9afc371929492a69823', 'http://localhost/dentsu.digital/home/page', NULL, 200, 'OK', NULL, '0.49566400 1429262279', '::1', '', '{"user_agent":"Mozilla\\/5.0 (Windows NT 6.1; WOW64; rv:37.0) Gecko\\/20100101 Firefox\\/37.0","platform":"Unknown Windows OS","browser":"Firefox"}', 0, 1, 1429262279, 0),
(114, '66e727ff0019d9afc371929492a69823', 'http://localhost/dentsu.digital/home/page', NULL, 200, 'OK', NULL, '0.66768100 1429262279', '::1', '', '{"user_agent":"Mozilla\\/5.0 (Windows NT 6.1; WOW64; rv:37.0) Gecko\\/20100101 Firefox\\/37.0","platform":"Unknown Windows OS","browser":"Firefox"}', 0, 1, 1429262279, 0),
(115, '66e727ff0019d9afc371929492a69823', 'http://localhost/dentsu.digital/home/page', NULL, 200, 'OK', NULL, '0.84699900 1429262292', '::1', '', '{"user_agent":"Mozilla\\/5.0 (Windows NT 6.1; WOW64; rv:37.0) Gecko\\/20100101 Firefox\\/37.0","platform":"Unknown Windows OS","browser":"Firefox"}', 0, 1, 1429262292, 0),
(116, '66e727ff0019d9afc371929492a69823', 'http://localhost/dentsu.digital/home/page', NULL, 200, 'OK', NULL, '0.66308100 1429262293', '::1', '', '{"user_agent":"Mozilla\\/5.0 (Windows NT 6.1; WOW64; rv:37.0) Gecko\\/20100101 Firefox\\/37.0","platform":"Unknown Windows OS","browser":"Firefox"}', 0, 1, 1429262293, 0),
(117, '66e727ff0019d9afc371929492a69823', 'http://localhost/dentsu.digital/home/page', NULL, 200, 'OK', NULL, '0.05011900 1429262294', '::1', '', '{"user_agent":"Mozilla\\/5.0 (Windows NT 6.1; WOW64; rv:37.0) Gecko\\/20100101 Firefox\\/37.0","platform":"Unknown Windows OS","browser":"Firefox"}', 0, 1, 1429262294, 0),
(118, '66e727ff0019d9afc371929492a69823', 'http://localhost/dentsu.digital/home/page', NULL, 200, 'OK', NULL, '0.31614600 1429262294', '::1', '', '{"user_agent":"Mozilla\\/5.0 (Windows NT 6.1; WOW64; rv:37.0) Gecko\\/20100101 Firefox\\/37.0","platform":"Unknown Windows OS","browser":"Firefox"}', 0, 1, 1429262294, 0),
(119, '66e727ff0019d9afc371929492a69823', 'http://localhost/dentsu.digital/home/page', NULL, 200, 'OK', NULL, '0.65007900 1429262313', '::1', '', '{"user_agent":"Mozilla\\/5.0 (Windows NT 6.1; WOW64; rv:37.0) Gecko\\/20100101 Firefox\\/37.0","platform":"Unknown Windows OS","browser":"Firefox"}', 0, 1, 1429262313, 0),
(120, '66e727ff0019d9afc371929492a69823', 'http://localhost/dentsu.digital/home/page', NULL, 200, 'OK', NULL, '0.77619200 1429262314', '::1', '', '{"user_agent":"Mozilla\\/5.0 (Windows NT 6.1; WOW64; rv:37.0) Gecko\\/20100101 Firefox\\/37.0","platform":"Unknown Windows OS","browser":"Firefox"}', 0, 1, 1429262314, 0),
(121, '66e727ff0019d9afc371929492a69823', 'http://localhost/dentsu.digital/home/page', NULL, 200, 'OK', NULL, '0.10422400 1429262335', '::1', '', '{"user_agent":"Mozilla\\/5.0 (Windows NT 6.1; WOW64; rv:37.0) Gecko\\/20100101 Firefox\\/37.0","platform":"Unknown Windows OS","browser":"Firefox"}', 0, 1, 1429262335, 0),
(122, '66e727ff0019d9afc371929492a69823', 'http://localhost/dentsu.digital/home/page', NULL, 200, 'OK', NULL, '0.96341000 1429262346', '::1', '', '{"user_agent":"Mozilla\\/5.0 (Windows NT 6.1; WOW64; rv:37.0) Gecko\\/20100101 Firefox\\/37.0","platform":"Unknown Windows OS","browser":"Firefox"}', 0, 1, 1429262347, 0),
(123, '66e727ff0019d9afc371929492a69823', 'http://localhost/dentsu.digital/home/page', NULL, 200, 'OK', NULL, '0.41065500 1429262349', '::1', '', '{"user_agent":"Mozilla\\/5.0 (Windows NT 6.1; WOW64; rv:37.0) Gecko\\/20100101 Firefox\\/37.0","platform":"Unknown Windows OS","browser":"Firefox"}', 0, 1, 1429262349, 0),
(124, '66e727ff0019d9afc371929492a69823', 'http://localhost/dentsu.digital/home/page', NULL, 200, 'OK', NULL, '0.20473400 1429262350', '::1', '', '{"user_agent":"Mozilla\\/5.0 (Windows NT 6.1; WOW64; rv:37.0) Gecko\\/20100101 Firefox\\/37.0","platform":"Unknown Windows OS","browser":"Firefox"}', 0, 1, 1429262350, 0),
(125, '66e727ff0019d9afc371929492a69823', 'http://localhost/dentsu.digital/home/page', NULL, 200, 'OK', NULL, '0.85279900 1429262350', '::1', '', '{"user_agent":"Mozilla\\/5.0 (Windows NT 6.1; WOW64; rv:37.0) Gecko\\/20100101 Firefox\\/37.0","platform":"Unknown Windows OS","browser":"Firefox"}', 0, 1, 1429262350, 0),
(126, '66e727ff0019d9afc371929492a69823', 'http://localhost/dentsu.digital/home/page', NULL, 200, 'OK', NULL, '0.31284500 1429262351', '::1', '', '{"user_agent":"Mozilla\\/5.0 (Windows NT 6.1; WOW64; rv:37.0) Gecko\\/20100101 Firefox\\/37.0","platform":"Unknown Windows OS","browser":"Firefox"}', 0, 1, 1429262351, 0),
(127, '66e727ff0019d9afc371929492a69823', 'http://localhost/dentsu.digital/home/page', NULL, 200, 'OK', NULL, '0.61087500 1429262351', '::1', '', '{"user_agent":"Mozilla\\/5.0 (Windows NT 6.1; WOW64; rv:37.0) Gecko\\/20100101 Firefox\\/37.0","platform":"Unknown Windows OS","browser":"Firefox"}', 0, 1, 1429262351, 0),
(128, '66e727ff0019d9afc371929492a69823', 'http://localhost/dentsu.digital/home/page', NULL, 200, 'OK', NULL, '0.78689200 1429262351', '::1', '', '{"user_agent":"Mozilla\\/5.0 (Windows NT 6.1; WOW64; rv:37.0) Gecko\\/20100101 Firefox\\/37.0","platform":"Unknown Windows OS","browser":"Firefox"}', 0, 1, 1429262351, 0),
(129, '66e727ff0019d9afc371929492a69823', 'http://localhost/dentsu.digital/home/page', NULL, 200, 'OK', NULL, '0.97091100 1429262351', '::1', '', '{"user_agent":"Mozilla\\/5.0 (Windows NT 6.1; WOW64; rv:37.0) Gecko\\/20100101 Firefox\\/37.0","platform":"Unknown Windows OS","browser":"Firefox"}', 0, 1, 1429262352, 0),
(130, '66e727ff0019d9afc371929492a69823', 'http://localhost/dentsu.digital/home/page', NULL, 200, 'OK', NULL, '0.19193300 1429262352', '::1', '', '{"user_agent":"Mozilla\\/5.0 (Windows NT 6.1; WOW64; rv:37.0) Gecko\\/20100101 Firefox\\/37.0","platform":"Unknown Windows OS","browser":"Firefox"}', 0, 1, 1429262352, 0),
(131, '66e727ff0019d9afc371929492a69823', 'http://localhost/dentsu.digital/home/page', NULL, 200, 'OK', NULL, '0.42395600 1429262352', '::1', '', '{"user_agent":"Mozilla\\/5.0 (Windows NT 6.1; WOW64; rv:37.0) Gecko\\/20100101 Firefox\\/37.0","platform":"Unknown Windows OS","browser":"Firefox"}', 0, 1, 1429262352, 0),
(132, '66e727ff0019d9afc371929492a69823', 'http://localhost/dentsu.digital/home/page', NULL, 200, 'OK', NULL, '0.09002300 1429262353', '::1', '', '{"user_agent":"Mozilla\\/5.0 (Windows NT 6.1; WOW64; rv:37.0) Gecko\\/20100101 Firefox\\/37.0","platform":"Unknown Windows OS","browser":"Firefox"}', 0, 1, 1429262353, 0),
(133, '66e727ff0019d9afc371929492a69823', 'http://localhost/dentsu.digital/home/page', NULL, 200, 'OK', NULL, '0.79509300 1429262353', '::1', '', '{"user_agent":"Mozilla\\/5.0 (Windows NT 6.1; WOW64; rv:37.0) Gecko\\/20100101 Firefox\\/37.0","platform":"Unknown Windows OS","browser":"Firefox"}', 0, 1, 1429262353, 0),
(134, '66e727ff0019d9afc371929492a69823', 'http://localhost/dentsu.digital/home/page', NULL, 200, 'OK', NULL, '0.83319700 1429262354', '::1', '', '{"user_agent":"Mozilla\\/5.0 (Windows NT 6.1; WOW64; rv:37.0) Gecko\\/20100101 Firefox\\/37.0","platform":"Unknown Windows OS","browser":"Firefox"}', 0, 1, 1429262354, 0),
(135, '66e727ff0019d9afc371929492a69823', 'http://localhost/dentsu.digital/home/page', NULL, 200, 'OK', NULL, '0.30134300 1429262386', '::1', '', '{"user_agent":"Mozilla\\/5.0 (Windows NT 6.1; WOW64; rv:37.0) Gecko\\/20100101 Firefox\\/37.0","platform":"Unknown Windows OS","browser":"Firefox"}', 0, 1, 1429262386, 0),
(136, '66e727ff0019d9afc371929492a69823', 'http://localhost/dentsu.digital/home/page', NULL, 200, 'OK', NULL, '0.18553200 1429262388', '::1', '', '{"user_agent":"Mozilla\\/5.0 (Windows NT 6.1; WOW64; rv:37.0) Gecko\\/20100101 Firefox\\/37.0","platform":"Unknown Windows OS","browser":"Firefox"}', 0, 1, 1429262388, 0),
(137, '66e727ff0019d9afc371929492a69823', 'http://localhost/dentsu.digital/home/page', NULL, 200, 'OK', NULL, '0.95970900 1429262389', '::1', '', '{"user_agent":"Mozilla\\/5.0 (Windows NT 6.1; WOW64; rv:37.0) Gecko\\/20100101 Firefox\\/37.0","platform":"Unknown Windows OS","browser":"Firefox"}', 0, 1, 1429262390, 0),
(138, '66e727ff0019d9afc371929492a69823', 'http://localhost/dentsu.digital/home/page', NULL, 200, 'OK', NULL, '0.38795200 1429262392', '::1', '', '{"user_agent":"Mozilla\\/5.0 (Windows NT 6.1; WOW64; rv:37.0) Gecko\\/20100101 Firefox\\/37.0","platform":"Unknown Windows OS","browser":"Firefox"}', 0, 1, 1429262392, 0),
(139, '66e727ff0019d9afc371929492a69823', 'http://localhost/dentsu.digital/home/page', NULL, 200, 'OK', NULL, '0.56677000 1429262410', '::1', '', '{"user_agent":"Mozilla\\/5.0 (Windows NT 6.1; WOW64; rv:37.0) Gecko\\/20100101 Firefox\\/37.0","platform":"Unknown Windows OS","browser":"Firefox"}', 0, 1, 1429262410, 0),
(140, '66e727ff0019d9afc371929492a69823', 'http://localhost/dentsu.digital/home/page', NULL, 200, 'OK', NULL, '0.34994800 1429262422', '::1', '', '{"user_agent":"Mozilla\\/5.0 (Windows NT 6.1; WOW64; rv:37.0) Gecko\\/20100101 Firefox\\/37.0","platform":"Unknown Windows OS","browser":"Firefox"}', 0, 1, 1429262422, 0),
(141, '64d70d40610a17751bf6aee010681583', 'http://localhost/dentsu.digital/home/page', NULL, 200, 'OK', NULL, '0.06454800 1429262913', '::1', '', '{"user_agent":"Mozilla\\/5.0 (Windows NT 6.1; WOW64; rv:37.0) Gecko\\/20100101 Firefox\\/37.0","platform":"Unknown Windows OS","browser":"Firefox"}', 0, 1, 1429262913, 0),
(142, '64d70d40610a17751bf6aee010681583', 'http://localhost/dentsu.digital/home/page', NULL, 200, 'OK', NULL, '0.60054800 1429262918', '::1', '', '{"user_agent":"Mozilla\\/5.0 (Windows NT 6.1; WOW64; rv:37.0) Gecko\\/20100101 Firefox\\/37.0","platform":"Unknown Windows OS","browser":"Firefox"}', 0, 1, 1429262918, 0),
(143, '64d70d40610a17751bf6aee010681583', 'http://localhost/dentsu.digital/home/page', NULL, 200, 'OK', NULL, '0.44254800 1429262999', '::1', '', '{"user_agent":"Mozilla\\/5.0 (Windows NT 6.1; WOW64; rv:37.0) Gecko\\/20100101 Firefox\\/37.0","platform":"Unknown Windows OS","browser":"Firefox"}', 0, 1, 1429262999, 0),
(144, '64d70d40610a17751bf6aee010681583', 'http://localhost/dentsu.digital/home/page', NULL, 200, 'OK', NULL, '0.94254800 1429263004', '::1', '', '{"user_agent":"Mozilla\\/5.0 (Windows NT 6.1; WOW64; rv:37.0) Gecko\\/20100101 Firefox\\/37.0","platform":"Unknown Windows OS","browser":"Firefox"}', 0, 1, 1429263005, 0),
(145, '9c20f77dd18ce27421ca114099398687', 'http://localhost/dentsu.digital/home/page', NULL, 200, 'OK', NULL, '0.41754800 1429263012', '::1', '', '{"user_agent":"Mozilla\\/5.0 (Windows NT 6.1; WOW64; rv:37.0) Gecko\\/20100101 Firefox\\/37.0","platform":"Unknown Windows OS","browser":"Firefox"}', 0, 1, 1429263012, 0),
(146, '9c20f77dd18ce27421ca114099398687', 'http://localhost/dentsu.digital/home/page', NULL, 200, 'OK', NULL, '0.94054800 1429263013', '::1', '', '{"user_agent":"Mozilla\\/5.0 (Windows NT 6.1; WOW64; rv:37.0) Gecko\\/20100101 Firefox\\/37.0","platform":"Unknown Windows OS","browser":"Firefox"}', 0, 1, 1429263014, 0),
(147, '9c20f77dd18ce27421ca114099398687', 'http://localhost/dentsu.digital/home/page', NULL, 200, 'OK', NULL, '0.28654800 1429263015', '::1', '', '{"user_agent":"Mozilla\\/5.0 (Windows NT 6.1; WOW64; rv:37.0) Gecko\\/20100101 Firefox\\/37.0","platform":"Unknown Windows OS","browser":"Firefox"}', 0, 1, 1429263015, 0),
(148, '9c20f77dd18ce27421ca114099398687', 'http://localhost/dentsu.digital/home/page', NULL, 200, 'OK', NULL, '0.99354800 1429263015', '::1', '', '{"user_agent":"Mozilla\\/5.0 (Windows NT 6.1; WOW64; rv:37.0) Gecko\\/20100101 Firefox\\/37.0","platform":"Unknown Windows OS","browser":"Firefox"}', 0, 1, 1429263016, 0),
(149, '9c20f77dd18ce27421ca114099398687', 'http://localhost/dentsu.digital/home/page', NULL, 200, 'OK', NULL, '0.92354800 1429263037', '::1', '', '{"user_agent":"Mozilla\\/5.0 (Windows NT 6.1; WOW64; rv:37.0) Gecko\\/20100101 Firefox\\/37.0","platform":"Unknown Windows OS","browser":"Firefox"}', 0, 1, 1429263038, 0),
(150, '9c20f77dd18ce27421ca114099398687', 'http://localhost/dentsu.digital/home/page', NULL, 200, 'OK', NULL, '0.21854800 1429263039', '::1', '', '{"user_agent":"Mozilla\\/5.0 (Windows NT 6.1; WOW64; rv:37.0) Gecko\\/20100101 Firefox\\/37.0","platform":"Unknown Windows OS","browser":"Firefox"}', 0, 1, 1429263039, 0),
(151, '9c20f77dd18ce27421ca114099398687', 'http://localhost/dentsu.digital/home/page', NULL, 200, 'OK', NULL, '0.38554800 1429263046', '::1', '', '{"user_agent":"Mozilla\\/5.0 (Windows NT 6.1; WOW64; rv:37.0) Gecko\\/20100101 Firefox\\/37.0","platform":"Unknown Windows OS","browser":"Firefox"}', 0, 1, 1429263046, 0),
(152, '9c20f77dd18ce27421ca114099398687', 'http://localhost/dentsu.digital/home/page', NULL, 200, 'OK', NULL, '0.46654800 1429263064', '::1', '', '{"user_agent":"Mozilla\\/5.0 (Windows NT 6.1; WOW64; rv:37.0) Gecko\\/20100101 Firefox\\/37.0","platform":"Unknown Windows OS","browser":"Firefox"}', 0, 1, 1429263064, 0),
(153, '9c20f77dd18ce27421ca114099398687', 'http://localhost/dentsu.digital/home/page', NULL, 200, 'OK', NULL, '0.73554800 1429263065', '::1', '', '{"user_agent":"Mozilla\\/5.0 (Windows NT 6.1; WOW64; rv:37.0) Gecko\\/20100101 Firefox\\/37.0","platform":"Unknown Windows OS","browser":"Firefox"}', 0, 1, 1429263065, 0),
(154, '9c20f77dd18ce27421ca114099398687', 'http://localhost/dentsu.digital/home/page', NULL, 200, 'OK', NULL, '0.58254800 1429263066', '::1', '', '{"user_agent":"Mozilla\\/5.0 (Windows NT 6.1; WOW64; rv:37.0) Gecko\\/20100101 Firefox\\/37.0","platform":"Unknown Windows OS","browser":"Firefox"}', 0, 1, 1429263066, 0),
(155, '9c20f77dd18ce27421ca114099398687', 'http://localhost/dentsu.digital/home/page', NULL, 200, 'OK', NULL, '0.29454800 1429263107', '::1', '', '{"user_agent":"Mozilla\\/5.0 (Windows NT 6.1; WOW64; rv:37.0) Gecko\\/20100101 Firefox\\/37.0","platform":"Unknown Windows OS","browser":"Firefox"}', 0, 1, 1429263107, 0),
(156, '9c20f77dd18ce27421ca114099398687', 'http://localhost/dentsu.digital/home/page', NULL, 200, 'OK', NULL, '0.51954800 1429263108', '::1', '', '{"user_agent":"Mozilla\\/5.0 (Windows NT 6.1; WOW64; rv:37.0) Gecko\\/20100101 Firefox\\/37.0","platform":"Unknown Windows OS","browser":"Firefox"}', 0, 1, 1429263108, 0),
(157, '9c20f77dd18ce27421ca114099398687', 'http://localhost/dentsu.digital/home/page', NULL, 200, 'OK', NULL, '0.38154800 1429263134', '::1', '', '{"user_agent":"Mozilla\\/5.0 (Windows NT 6.1; WOW64; rv:37.0) Gecko\\/20100101 Firefox\\/37.0","platform":"Unknown Windows OS","browser":"Firefox"}', 0, 1, 1429263134, 0),
(158, '9c20f77dd18ce27421ca114099398687', 'http://localhost/dentsu.digital/home/page', NULL, 200, 'OK', NULL, '0.49454800 1429263135', '::1', '', '{"user_agent":"Mozilla\\/5.0 (Windows NT 6.1; WOW64; rv:37.0) Gecko\\/20100101 Firefox\\/37.0","platform":"Unknown Windows OS","browser":"Firefox"}', 0, 1, 1429263135, 0),
(159, '9c20f77dd18ce27421ca114099398687', 'http://localhost/dentsu.digital/home/page', NULL, 200, 'OK', NULL, '0.10754800 1429263136', '::1', '', '{"user_agent":"Mozilla\\/5.0 (Windows NT 6.1; WOW64; rv:37.0) Gecko\\/20100101 Firefox\\/37.0","platform":"Unknown Windows OS","browser":"Firefox"}', 0, 1, 1429263136, 0),
(160, '9c20f77dd18ce27421ca114099398687', 'http://localhost/dentsu.digital/home/page', NULL, 200, 'OK', NULL, '0.00454800 1429263152', '::1', '', '{"user_agent":"Mozilla\\/5.0 (Windows NT 6.1; WOW64; rv:37.0) Gecko\\/20100101 Firefox\\/37.0","platform":"Unknown Windows OS","browser":"Firefox"}', 0, 1, 1429263152, 0),
(161, '9c20f77dd18ce27421ca114099398687', 'http://localhost/dentsu.digital/home/page', NULL, 200, 'OK', NULL, '0.04654800 1429263158', '::1', '', '{"user_agent":"Mozilla\\/5.0 (Windows NT 6.1; WOW64; rv:37.0) Gecko\\/20100101 Firefox\\/37.0","platform":"Unknown Windows OS","browser":"Firefox"}', 0, 1, 1429263158, 0),
(162, '9c20f77dd18ce27421ca114099398687', 'http://localhost/dentsu.digital/home/page', NULL, 200, 'OK', NULL, '0.74854800 1429263162', '::1', '', '{"user_agent":"Mozilla\\/5.0 (Windows NT 6.1; WOW64; rv:37.0) Gecko\\/20100101 Firefox\\/37.0","platform":"Unknown Windows OS","browser":"Firefox"}', 0, 1, 1429263162, 0),
(163, '9c20f77dd18ce27421ca114099398687', 'http://localhost/dentsu.digital/home/page', NULL, 200, 'OK', NULL, '0.92654800 1429263166', '::1', '', '{"user_agent":"Mozilla\\/5.0 (Windows NT 6.1; WOW64; rv:37.0) Gecko\\/20100101 Firefox\\/37.0","platform":"Unknown Windows OS","browser":"Firefox"}', 0, 1, 1429263167, 0),
(164, '9c20f77dd18ce27421ca114099398687', 'http://localhost/dentsu.digital/home/page', NULL, 200, 'OK', NULL, '0.65854800 1429263170', '::1', '', '{"user_agent":"Mozilla\\/5.0 (Windows NT 6.1; WOW64; rv:37.0) Gecko\\/20100101 Firefox\\/37.0","platform":"Unknown Windows OS","browser":"Firefox"}', 0, 1, 1429263170, 0),
(165, '9c20f77dd18ce27421ca114099398687', 'http://localhost/dentsu.digital/home/page', NULL, 200, 'OK', NULL, '0.53554800 1429263178', '::1', '', '{"user_agent":"Mozilla\\/5.0 (Windows NT 6.1; WOW64; rv:37.0) Gecko\\/20100101 Firefox\\/37.0","platform":"Unknown Windows OS","browser":"Firefox"}', 0, 1, 1429263178, 0),
(166, '9c20f77dd18ce27421ca114099398687', 'http://localhost/dentsu.digital/home/page', NULL, 200, 'OK', NULL, '0.07354800 1429263180', '::1', '', '{"user_agent":"Mozilla\\/5.0 (Windows NT 6.1; WOW64; rv:37.0) Gecko\\/20100101 Firefox\\/37.0","platform":"Unknown Windows OS","browser":"Firefox"}', 0, 1, 1429263180, 0),
(167, '9c20f77dd18ce27421ca114099398687', 'http://localhost/dentsu.digital/home/page', NULL, 200, 'OK', NULL, '0.48654800 1429263180', '::1', '', '{"user_agent":"Mozilla\\/5.0 (Windows NT 6.1; WOW64; rv:37.0) Gecko\\/20100101 Firefox\\/37.0","platform":"Unknown Windows OS","browser":"Firefox"}', 0, 1, 1429263180, 0),
(168, '9c20f77dd18ce27421ca114099398687', 'http://localhost/dentsu.digital/home/page', NULL, 200, 'OK', NULL, '0.67454800 1429263180', '::1', '', '{"user_agent":"Mozilla\\/5.0 (Windows NT 6.1; WOW64; rv:37.0) Gecko\\/20100101 Firefox\\/37.0","platform":"Unknown Windows OS","browser":"Firefox"}', 0, 1, 1429263180, 0),
(169, '9c20f77dd18ce27421ca114099398687', 'http://localhost/dentsu.digital/home/page', NULL, 200, 'OK', NULL, '0.83454800 1429263180', '::1', '', '{"user_agent":"Mozilla\\/5.0 (Windows NT 6.1; WOW64; rv:37.0) Gecko\\/20100101 Firefox\\/37.0","platform":"Unknown Windows OS","browser":"Firefox"}', 0, 1, 1429263181, 0),
(170, '9c20f77dd18ce27421ca114099398687', 'http://localhost/dentsu.digital/home/page', NULL, 200, 'OK', NULL, '0.01054800 1429263181', '::1', '', '{"user_agent":"Mozilla\\/5.0 (Windows NT 6.1; WOW64; rv:37.0) Gecko\\/20100101 Firefox\\/37.0","platform":"Unknown Windows OS","browser":"Firefox"}', 0, 1, 1429263181, 0),
(171, '252e06454b1392e11a5ce5e38bccfaba', 'http://localhost/dentsu.digital/home/page', NULL, 200, 'OK', NULL, '0.13825400 1429267901', '::1', '', '{"user_agent":"Mozilla\\/5.0 (Windows NT 6.1; WOW64; rv:37.0) Gecko\\/20100101 Firefox\\/37.0","platform":"Unknown Windows OS","browser":"Firefox"}', 0, 1, 1429267908, 0),
(172, '252e06454b1392e11a5ce5e38bccfaba', 'http://localhost/dentsu.digital/', NULL, 200, 'OK', NULL, '0.95121600 1429267915', '::1', '', '{"user_agent":"Mozilla\\/5.0 (Windows NT 6.1; WOW64; rv:37.0) Gecko\\/20100101 Firefox\\/37.0","platform":"Unknown Windows OS","browser":"Firefox"}', 0, 1, 1429267916, 0),
(173, '252e06454b1392e11a5ce5e38bccfaba', 'http://localhost/dentsu.digital/', NULL, 200, 'OK', NULL, '0.71866800 1429267950', '::1', '', '{"user_agent":"Mozilla\\/5.0 (Windows NT 6.1; WOW64; rv:37.0) Gecko\\/20100101 Firefox\\/37.0","platform":"Unknown Windows OS","browser":"Firefox"}', 0, 1, 1429267951, 0),
(174, '252e06454b1392e11a5ce5e38bccfaba', 'http://localhost/dentsu.digital/', NULL, 200, 'OK', NULL, '0.13235000 1429267979', '::1', '', '{"user_agent":"Mozilla\\/5.0 (Windows NT 6.1; WOW64; rv:37.0) Gecko\\/20100101 Firefox\\/37.0","platform":"Unknown Windows OS","browser":"Firefox"}', 0, 1, 1429267979, 0),
(175, '252e06454b1392e11a5ce5e38bccfaba', 'http://localhost/dentsu.digital/', NULL, 200, 'OK', NULL, '0.22656300 1429268115', '::1', '', '{"user_agent":"Mozilla\\/5.0 (Windows NT 6.1; WOW64; rv:37.0) Gecko\\/20100101 Firefox\\/37.0","platform":"Unknown Windows OS","browser":"Firefox"}', 0, 1, 1429268122, 0),
(176, '252e06454b1392e11a5ce5e38bccfaba', 'http://localhost/dentsu.digital/', NULL, 200, 'OK', NULL, '0.12404200 1429268140', '::1', '', '{"user_agent":"Mozilla\\/5.0 (Windows NT 6.1; WOW64; rv:37.0) Gecko\\/20100101 Firefox\\/37.0","platform":"Unknown Windows OS","browser":"Firefox"}', 0, 1, 1429268140, 0),
(177, 'a27a2f5764915cabadb35468ab16535c', 'http://localhost/dentsu.digital/', NULL, 200, 'OK', NULL, '0.85618400 1429268235', '::1', '', '{"user_agent":"Mozilla\\/5.0 (Windows NT 6.1; WOW64; rv:37.0) Gecko\\/20100101 Firefox\\/37.0","platform":"Unknown Windows OS","browser":"Firefox"}', 0, 1, 1429268236, 0),
(178, 'a27a2f5764915cabadb35468ab16535c', 'http://localhost/dentsu.digital/', NULL, 200, 'OK', NULL, '0.69785200 1429268246', '::1', '', '{"user_agent":"Mozilla\\/5.0 (Windows NT 6.1; WOW64; rv:37.0) Gecko\\/20100101 Firefox\\/37.0","platform":"Unknown Windows OS","browser":"Firefox"}', 0, 1, 1429268246, 0),
(179, 'a27a2f5764915cabadb35468ab16535c', 'http://localhost/dentsu.digital/', NULL, 200, 'OK', NULL, '0.36187700 1429268449', '::1', '', '{"user_agent":"Mozilla\\/5.0 (Windows NT 6.1; WOW64; rv:37.0) Gecko\\/20100101 Firefox\\/37.0","platform":"Unknown Windows OS","browser":"Firefox"}', 0, 1, 1429268452, 0),
(180, 'a27a2f5764915cabadb35468ab16535c', 'http://localhost/dentsu.digital/', NULL, 200, 'OK', NULL, '0.19784200 1429268504', '::1', '', '{"user_agent":"Mozilla\\/5.0 (Windows NT 6.1; WOW64; rv:37.0) Gecko\\/20100101 Firefox\\/37.0","platform":"Unknown Windows OS","browser":"Firefox"}', 0, 1, 1429268504, 0),
(181, 'a27a2f5764915cabadb35468ab16535c', 'http://localhost/dentsu.digital/', NULL, 200, 'OK', NULL, '0.81456500 1429268517', '::1', '', '{"user_agent":"Mozilla\\/5.0 (Windows NT 6.1; WOW64; rv:37.0) Gecko\\/20100101 Firefox\\/37.0","platform":"Unknown Windows OS","browser":"Firefox"}', 0, 1, 1429268517, 0),
(182, 'de07aa449f6fc309f295795e7217212b', 'http://localhost/dentsu.digital/', NULL, 200, 'OK', NULL, '0.00080000 1429268574', '::1', '', '{"user_agent":"Mozilla\\/5.0 (Windows NT 6.1; WOW64; rv:37.0) Gecko\\/20100101 Firefox\\/37.0","platform":"Unknown Windows OS","browser":"Firefox"}', 0, 1, 1429268574, 0),
(183, 'de07aa449f6fc309f295795e7217212b', 'http://localhost/dentsu.digital/', NULL, 200, 'OK', NULL, '0.27565500 1429268578', '::1', '', '{"user_agent":"Mozilla\\/5.0 (Windows NT 6.1; WOW64; rv:37.0) Gecko\\/20100101 Firefox\\/37.0","platform":"Unknown Windows OS","browser":"Firefox"}', 0, 1, 1429268578, 0),
(184, 'de07aa449f6fc309f295795e7217212b', 'http://localhost/dentsu.digital/', NULL, 200, 'OK', NULL, '0.50210000 1429268585', '::1', '', '{"user_agent":"Mozilla\\/5.0 (Windows NT 6.1; WOW64; rv:37.0) Gecko\\/20100101 Firefox\\/37.0","platform":"Unknown Windows OS","browser":"Firefox"}', 0, 1, 1429268585, 0),
(185, 'de07aa449f6fc309f295795e7217212b', 'http://localhost/dentsu.digital/', NULL, 200, 'OK', NULL, '0.50349900 1429268607', '::1', '', '{"user_agent":"Mozilla\\/5.0 (Windows NT 6.1; WOW64; rv:37.0) Gecko\\/20100101 Firefox\\/37.0","platform":"Unknown Windows OS","browser":"Firefox"}', 0, 1, 1429268607, 0),
(186, 'de07aa449f6fc309f295795e7217212b', 'http://localhost/dentsu.digital/', NULL, 200, 'OK', NULL, '0.70253800 1429268622', '::1', '', '{"user_agent":"Mozilla\\/5.0 (Windows NT 6.1; WOW64; rv:37.0) Gecko\\/20100101 Firefox\\/37.0","platform":"Unknown Windows OS","browser":"Firefox"}', 0, 1, 1429268622, 0),
(187, 'de07aa449f6fc309f295795e7217212b', 'http://localhost/dentsu.digital/', NULL, 200, 'OK', NULL, '0.68893500 1429268634', '::1', '', '{"user_agent":"Mozilla\\/5.0 (Windows NT 6.1; WOW64; rv:37.0) Gecko\\/20100101 Firefox\\/37.0","platform":"Unknown Windows OS","browser":"Firefox"}', 0, 1, 1429268634, 0),
(188, 'de07aa449f6fc309f295795e7217212b', 'http://localhost/dentsu.digital/', NULL, 200, 'OK', NULL, '0.15862900 1429268638', '::1', '', '{"user_agent":"Mozilla\\/5.0 (Windows NT 6.1; WOW64; rv:37.0) Gecko\\/20100101 Firefox\\/37.0","platform":"Unknown Windows OS","browser":"Firefox"}', 0, 1, 1429268638, 0),
(189, 'de07aa449f6fc309f295795e7217212b', 'http://localhost/dentsu.digital/', NULL, 200, 'OK', NULL, '0.90007500 1429268687', '::1', '', '{"user_agent":"Mozilla\\/5.0 (Windows NT 6.1; WOW64; rv:37.0) Gecko\\/20100101 Firefox\\/37.0","platform":"Unknown Windows OS","browser":"Firefox"}', 0, 1, 1429268688, 0),
(190, 'de07aa449f6fc309f295795e7217212b', 'http://localhost/dentsu.digital/', NULL, 200, 'OK', NULL, '0.67542900 1429268714', '::1', '', '{"user_agent":"Mozilla\\/5.0 (Windows NT 6.1; WOW64; rv:37.0) Gecko\\/20100101 Firefox\\/37.0","platform":"Unknown Windows OS","browser":"Firefox"}', 0, 1, 1429268714, 0),
(191, 'de07aa449f6fc309f295795e7217212b', 'http://localhost/dentsu.digital/', NULL, 200, 'OK', NULL, '0.67432600 1429268786', '::1', '', '{"user_agent":"Mozilla\\/5.0 (Windows NT 6.1; WOW64; rv:37.0) Gecko\\/20100101 Firefox\\/37.0","platform":"Unknown Windows OS","browser":"Firefox"}', 0, 1, 1429268786, 0),
(192, 'de07aa449f6fc309f295795e7217212b', 'http://localhost/dentsu.digital/', NULL, 200, 'OK', NULL, '0.17712600 1429268788', '::1', '', '{"user_agent":"Mozilla\\/5.0 (Windows NT 6.1; WOW64; rv:37.0) Gecko\\/20100101 Firefox\\/37.0","platform":"Unknown Windows OS","browser":"Firefox"}', 0, 1, 1429268788, 0),
(193, 'de07aa449f6fc309f295795e7217212b', 'http://localhost/dentsu.digital/', NULL, 200, 'OK', NULL, '0.46748400 1429268797', '::1', '', '{"user_agent":"Mozilla\\/5.0 (Windows NT 6.1; WOW64; rv:37.0) Gecko\\/20100101 Firefox\\/37.0","platform":"Unknown Windows OS","browser":"Firefox"}', 0, 1, 1429268797, 0),
(194, 'de07aa449f6fc309f295795e7217212b', 'http://localhost/dentsu.digital/', NULL, 200, 'OK', NULL, '0.10021100 1429268801', '::1', '', '{"user_agent":"Mozilla\\/5.0 (Windows NT 6.1; WOW64; rv:37.0) Gecko\\/20100101 Firefox\\/37.0","platform":"Unknown Windows OS","browser":"Firefox"}', 0, 1, 1429268801, 0),
(195, 'de07aa449f6fc309f295795e7217212b', 'http://localhost/dentsu.digital/', NULL, 200, 'OK', NULL, '0.38176700 1429268806', '::1', '', '{"user_agent":"Mozilla\\/5.0 (Windows NT 6.1; WOW64; rv:37.0) Gecko\\/20100101 Firefox\\/37.0","platform":"Unknown Windows OS","browser":"Firefox"}', 0, 1, 1429268806, 0),
(196, 'de07aa449f6fc309f295795e7217212b', 'http://localhost/dentsu.digital/', NULL, 200, 'OK', NULL, '0.04029800 1429268819', '::1', '', '{"user_agent":"Mozilla\\/5.0 (Windows NT 6.1; WOW64; rv:37.0) Gecko\\/20100101 Firefox\\/37.0","platform":"Unknown Windows OS","browser":"Firefox"}', 0, 1, 1429268819, 0),
(197, 'e36be56c164e63dc0dc442133baee658', 'http://localhost/dentsu.digital/', NULL, 200, 'OK', NULL, '0.23543300 1429268922', '::1', '', '{"user_agent":"Mozilla\\/5.0 (Windows NT 6.1; WOW64; rv:37.0) Gecko\\/20100101 Firefox\\/37.0","platform":"Unknown Windows OS","browser":"Firefox"}', 0, 1, 1429268922, 0),
(198, 'e36be56c164e63dc0dc442133baee658', 'http://localhost/dentsu.digital/', NULL, 200, 'OK', NULL, '0.63871300 1429268923', '::1', '', '{"user_agent":"Mozilla\\/5.0 (Windows NT 6.1; WOW64; rv:37.0) Gecko\\/20100101 Firefox\\/37.0","platform":"Unknown Windows OS","browser":"Firefox"}', 0, 1, 1429268923, 0),
(199, 'e36be56c164e63dc0dc442133baee658', 'http://localhost/dentsu.digital/', NULL, 200, 'OK', NULL, '0.07760100 1429268928', '::1', '', '{"user_agent":"Mozilla\\/5.0 (Windows NT 6.1; WOW64; rv:37.0) Gecko\\/20100101 Firefox\\/37.0","platform":"Unknown Windows OS","browser":"Firefox"}', 0, 1, 1429268928, 0),
(200, 'e36be56c164e63dc0dc442133baee658', 'http://localhost/dentsu.digital/', NULL, 200, 'OK', NULL, '0.73143100 1429268954', '::1', '', '{"user_agent":"Mozilla\\/5.0 (Windows NT 6.1; WOW64; rv:37.0) Gecko\\/20100101 Firefox\\/37.0","platform":"Unknown Windows OS","browser":"Firefox"}', 0, 1, 1429268954, 0),
(201, 'e36be56c164e63dc0dc442133baee658', 'http://localhost/dentsu.digital/', NULL, 200, 'OK', NULL, '0.77003800 1429268957', '::1', '', '{"user_agent":"Mozilla\\/5.0 (Windows NT 6.1; WOW64; rv:37.0) Gecko\\/20100101 Firefox\\/37.0","platform":"Unknown Windows OS","browser":"Firefox"}', 0, 1, 1429268957, 0),
(202, 'e36be56c164e63dc0dc442133baee658', 'http://localhost/dentsu.digital/', NULL, 200, 'OK', NULL, '0.45008000 1429268968', '::1', '', '{"user_agent":"Mozilla\\/5.0 (Windows NT 6.1; WOW64; rv:37.0) Gecko\\/20100101 Firefox\\/37.0","platform":"Unknown Windows OS","browser":"Firefox"}', 0, 1, 1429268968, 0),
(203, 'e36be56c164e63dc0dc442133baee658', 'http://localhost/dentsu.digital/', NULL, 200, 'OK', NULL, '0.05805700 1429269016', '::1', '', '{"user_agent":"Mozilla\\/5.0 (Windows NT 6.1; WOW64; rv:37.0) Gecko\\/20100101 Firefox\\/37.0","platform":"Unknown Windows OS","browser":"Firefox"}', 0, 1, 1429269016, 0),
(204, 'e36be56c164e63dc0dc442133baee658', 'http://localhost/dentsu.digital/', NULL, 200, 'OK', NULL, '0.30560700 1429269028', '::1', '', '{"user_agent":"Mozilla\\/5.0 (Windows NT 6.1; WOW64; rv:37.0) Gecko\\/20100101 Firefox\\/37.0","platform":"Unknown Windows OS","browser":"Firefox"}', 0, 1, 1429269028, 0),
(205, 'e36be56c164e63dc0dc442133baee658', 'http://localhost/dentsu.digital/', NULL, 200, 'OK', NULL, '0.43927900 1429269037', '::1', '', '{"user_agent":"Mozilla\\/5.0 (Windows NT 6.1; WOW64; rv:37.0) Gecko\\/20100101 Firefox\\/37.0","platform":"Unknown Windows OS","browser":"Firefox"}', 0, 1, 1429269037, 0),
(206, 'e36be56c164e63dc0dc442133baee658', 'http://localhost/dentsu.digital/', NULL, 200, 'OK', NULL, '0.81790300 1429269051', '::1', '', '{"user_agent":"Mozilla\\/5.0 (Windows NT 6.1; WOW64; rv:37.0) Gecko\\/20100101 Firefox\\/37.0","platform":"Unknown Windows OS","browser":"Firefox"}', 0, 1, 1429269051, 0),
(207, 'e36be56c164e63dc0dc442133baee658', 'http://localhost/dentsu.digital/', NULL, 200, 'OK', NULL, '0.70582500 1429269054', '::1', '', '{"user_agent":"Mozilla\\/5.0 (Windows NT 6.1; WOW64; rv:37.0) Gecko\\/20100101 Firefox\\/37.0","platform":"Unknown Windows OS","browser":"Firefox"}', 0, 1, 1429269055, 0),
(208, 'e36be56c164e63dc0dc442133baee658', 'http://localhost/dentsu.digital/', NULL, 200, 'OK', NULL, '0.07005200 1429269061', '::1', '', '{"user_agent":"Mozilla\\/5.0 (Windows NT 6.1; WOW64; rv:37.0) Gecko\\/20100101 Firefox\\/37.0","platform":"Unknown Windows OS","browser":"Firefox"}', 0, 1, 1429269061, 0),
(209, 'e36be56c164e63dc0dc442133baee658', 'http://localhost/dentsu.digital/', NULL, 200, 'OK', NULL, '0.11414300 1429269078', '::1', '', '{"user_agent":"Mozilla\\/5.0 (Windows NT 6.1; WOW64; rv:37.0) Gecko\\/20100101 Firefox\\/37.0","platform":"Unknown Windows OS","browser":"Firefox"}', 0, 1, 1429269078, 0),
(210, 'e36be56c164e63dc0dc442133baee658', 'http://localhost/dentsu.digital/', NULL, 200, 'OK', NULL, '0.77111100 1429269100', '::1', '', '{"user_agent":"Mozilla\\/5.0 (Windows NT 6.1; WOW64; rv:37.0) Gecko\\/20100101 Firefox\\/37.0","platform":"Unknown Windows OS","browser":"Firefox"}', 0, 1, 1429269100, 0),
(211, 'e36be56c164e63dc0dc442133baee658', 'http://localhost/dentsu.digital/', NULL, 200, 'OK', NULL, '0.69532600 1429269104', '::1', '', '{"user_agent":"Mozilla\\/5.0 (Windows NT 6.1; WOW64; rv:37.0) Gecko\\/20100101 Firefox\\/37.0","platform":"Unknown Windows OS","browser":"Firefox"}', 0, 1, 1429269104, 0),
(212, 'e36be56c164e63dc0dc442133baee658', 'http://localhost/dentsu.digital/', NULL, 200, 'OK', NULL, '0.70172400 1429269107', '::1', '', '{"user_agent":"Mozilla\\/5.0 (Windows NT 6.1; WOW64; rv:37.0) Gecko\\/20100101 Firefox\\/37.0","platform":"Unknown Windows OS","browser":"Firefox"}', 0, 1, 1429269107, 0),
(213, 'e36be56c164e63dc0dc442133baee658', 'http://localhost/dentsu.digital/', NULL, 200, 'OK', NULL, '0.75821200 1429269117', '::1', '', '{"user_agent":"Mozilla\\/5.0 (Windows NT 6.1; WOW64; rv:37.0) Gecko\\/20100101 Firefox\\/37.0","platform":"Unknown Windows OS","browser":"Firefox"}', 0, 1, 1429269117, 0),
(214, 'e36be56c164e63dc0dc442133baee658', 'http://localhost/dentsu.digital/', NULL, 200, 'OK', NULL, '0.89378400 1429269144', '::1', '', '{"user_agent":"Mozilla\\/5.0 (Windows NT 6.1; WOW64; rv:37.0) Gecko\\/20100101 Firefox\\/37.0","platform":"Unknown Windows OS","browser":"Firefox"}', 0, 1, 1429269145, 0),
(215, 'e36be56c164e63dc0dc442133baee658', 'http://localhost/dentsu.digital/', NULL, 200, 'OK', NULL, '0.00436000 1429269187', '::1', '', '{"user_agent":"Mozilla\\/5.0 (Windows NT 6.1; WOW64; rv:37.0) Gecko\\/20100101 Firefox\\/37.0","platform":"Unknown Windows OS","browser":"Firefox"}', 0, 1, 1429269187, 0),
(216, 'e36be56c164e63dc0dc442133baee658', 'http://localhost/dentsu.digital/', NULL, 200, 'OK', NULL, '0.26890700 1429269189', '::1', '', '{"user_agent":"Mozilla\\/5.0 (Windows NT 6.1; WOW64; rv:37.0) Gecko\\/20100101 Firefox\\/37.0","platform":"Unknown Windows OS","browser":"Firefox"}', 0, 1, 1429269190, 0),
(217, 'e36be56c164e63dc0dc442133baee658', 'http://localhost/dentsu.digital/', NULL, 200, 'OK', NULL, '0.56704700 1429269198', '::1', '', '{"user_agent":"Mozilla\\/5.0 (Windows NT 6.1; WOW64; rv:37.0) Gecko\\/20100101 Firefox\\/37.0","platform":"Unknown Windows OS","browser":"Firefox"}', 0, 1, 1429269198, 0),
(218, 'e36be56c164e63dc0dc442133baee658', 'http://localhost/dentsu.digital/', NULL, 200, 'OK', NULL, '0.02235600 1429269202', '::1', '', '{"user_agent":"Mozilla\\/5.0 (Windows NT 6.1; WOW64; rv:37.0) Gecko\\/20100101 Firefox\\/37.0","platform":"Unknown Windows OS","browser":"Firefox"}', 0, 1, 1429269202, 0),
(219, '8d7a643e7222155a381acff439dfab64', 'http://localhost/dentsu.digital/', NULL, 200, 'OK', NULL, '0.49466000 1429269255', '::1', '', '{"user_agent":"Mozilla\\/5.0 (Windows NT 6.1; WOW64; rv:37.0) Gecko\\/20100101 Firefox\\/37.0","platform":"Unknown Windows OS","browser":"Firefox"}', 0, 1, 1429269255, 0),
(220, '8d7a643e7222155a381acff439dfab64', 'http://localhost/dentsu.digital/', NULL, 200, 'OK', NULL, '0.95463100 1429269285', '::1', '', '{"user_agent":"Mozilla\\/5.0 (Windows NT 6.1; WOW64; rv:37.0) Gecko\\/20100101 Firefox\\/37.0","platform":"Unknown Windows OS","browser":"Firefox"}', 0, 1, 1429269286, 0),
(221, '8d7a643e7222155a381acff439dfab64', 'http://localhost/dentsu.digital/', NULL, 200, 'OK', NULL, '0.24263100 1429269342', '::1', '', '{"user_agent":"Mozilla\\/5.0 (Windows NT 6.1; WOW64; rv:37.0) Gecko\\/20100101 Firefox\\/37.0","platform":"Unknown Windows OS","browser":"Firefox"}', 0, 1, 1429269342, 0),
(222, '8d7a643e7222155a381acff439dfab64', 'http://localhost/dentsu.digital/', NULL, 200, 'OK', NULL, '0.72463100 1429269343', '::1', '', '{"user_agent":"Mozilla\\/5.0 (Windows NT 6.1; WOW64; rv:37.0) Gecko\\/20100101 Firefox\\/37.0","platform":"Unknown Windows OS","browser":"Firefox"}', 0, 1, 1429269343, 0),
(223, '8d7a643e7222155a381acff439dfab64', 'http://localhost/dentsu.digital/', NULL, 200, 'OK', NULL, '0.00063100 1429269344', '::1', '', '{"user_agent":"Mozilla\\/5.0 (Windows NT 6.1; WOW64; rv:37.0) Gecko\\/20100101 Firefox\\/37.0","platform":"Unknown Windows OS","browser":"Firefox"}', 0, 1, 1429269344, 0),
(224, '8d7a643e7222155a381acff439dfab64', 'http://localhost/dentsu.digital/', NULL, 200, 'OK', NULL, '0.23413100 1429269344', '::1', '', '{"user_agent":"Mozilla\\/5.0 (Windows NT 6.1; WOW64; rv:37.0) Gecko\\/20100101 Firefox\\/37.0","platform":"Unknown Windows OS","browser":"Firefox"}', 0, 1, 1429269344, 0),
(225, '8d7a643e7222155a381acff439dfab64', 'http://localhost/dentsu.digital/', NULL, 200, 'OK', NULL, '0.47013100 1429269362', '::1', '', '{"user_agent":"Mozilla\\/5.0 (Windows NT 6.1; WOW64; rv:37.0) Gecko\\/20100101 Firefox\\/37.0","platform":"Unknown Windows OS","browser":"Firefox"}', 0, 1, 1429269362, 0),
(226, '8d7a643e7222155a381acff439dfab64', 'http://localhost/dentsu.digital/', NULL, 200, 'OK', NULL, '0.09913100 1429269377', '::1', '', '{"user_agent":"Mozilla\\/5.0 (Windows NT 6.1; WOW64; rv:37.0) Gecko\\/20100101 Firefox\\/37.0","platform":"Unknown Windows OS","browser":"Firefox"}', 0, 1, 1429269377, 0),
(227, '8d7a643e7222155a381acff439dfab64', 'http://localhost/dentsu.digital/', NULL, 200, 'OK', NULL, '0.81363100 1429269380', '::1', '', '{"user_agent":"Mozilla\\/5.0 (Windows NT 6.1; WOW64; rv:37.0) Gecko\\/20100101 Firefox\\/37.0","platform":"Unknown Windows OS","browser":"Firefox"}', 0, 1, 1429269380, 0),
(228, '8d7a643e7222155a381acff439dfab64', 'http://localhost/dentsu.digital/', NULL, 200, 'OK', NULL, '0.12913100 1429269399', '::1', '', '{"user_agent":"Mozilla\\/5.0 (Windows NT 6.1; WOW64; rv:37.0) Gecko\\/20100101 Firefox\\/37.0","platform":"Unknown Windows OS","browser":"Firefox"}', 0, 1, 1429269399, 0),
(229, '8d7a643e7222155a381acff439dfab64', 'http://localhost/dentsu.digital/', NULL, 200, 'OK', NULL, '0.28013100 1429269407', '::1', '', '{"user_agent":"Mozilla\\/5.0 (Windows NT 6.1; WOW64; rv:37.0) Gecko\\/20100101 Firefox\\/37.0","platform":"Unknown Windows OS","browser":"Firefox"}', 0, 1, 1429269407, 0),
(230, '8d7a643e7222155a381acff439dfab64', 'http://localhost/dentsu.digital/', NULL, 200, 'OK', NULL, '0.26363100 1429269440', '::1', '', '{"user_agent":"Mozilla\\/5.0 (Windows NT 6.1; WOW64; rv:37.0) Gecko\\/20100101 Firefox\\/37.0","platform":"Unknown Windows OS","browser":"Firefox"}', 0, 1, 1429269440, 0),
(231, '8d7a643e7222155a381acff439dfab64', 'http://localhost/dentsu.digital/', NULL, 200, 'OK', NULL, '0.67563100 1429269534', '::1', '', '{"user_agent":"Mozilla\\/5.0 (Windows NT 6.1; WOW64; rv:37.0) Gecko\\/20100101 Firefox\\/37.0","platform":"Unknown Windows OS","browser":"Firefox"}', 0, 1, 1429269537, 0),
(232, 'fa321cbe2148ed6af879f8f18eba8bb1', 'http://localhost/dentsu.digital/', NULL, 200, 'OK', NULL, '0.16813100 1429269556', '::1', '', '{"user_agent":"Mozilla\\/5.0 (Windows NT 6.1; WOW64; rv:37.0) Gecko\\/20100101 Firefox\\/37.0","platform":"Unknown Windows OS","browser":"Firefox"}', 0, 1, 1429269556, 0),
(233, 'fa321cbe2148ed6af879f8f18eba8bb1', 'http://localhost/dentsu.digital/', NULL, 200, 'OK', NULL, '0.18663100 1429269559', '::1', '', '{"user_agent":"Mozilla\\/5.0 (Windows NT 6.1; WOW64; rv:37.0) Gecko\\/20100101 Firefox\\/37.0","platform":"Unknown Windows OS","browser":"Firefox"}', 0, 1, 1429269559, 0),
(234, 'fa321cbe2148ed6af879f8f18eba8bb1', 'http://localhost/dentsu.digital/', NULL, 200, 'OK', NULL, '0.58663100 1429269566', '::1', '', '{"user_agent":"Mozilla\\/5.0 (Windows NT 6.1; WOW64; rv:37.0) Gecko\\/20100101 Firefox\\/37.0","platform":"Unknown Windows OS","browser":"Firefox"}', 0, 1, 1429269566, 0),
(235, 'fa321cbe2148ed6af879f8f18eba8bb1', 'http://localhost/dentsu.digital/', NULL, 200, 'OK', NULL, '0.13763100 1429269583', '::1', '', '{"user_agent":"Mozilla\\/5.0 (Windows NT 6.1; WOW64; rv:37.0) Gecko\\/20100101 Firefox\\/37.0","platform":"Unknown Windows OS","browser":"Firefox"}', 0, 1, 1429269583, 0),
(236, 'fa321cbe2148ed6af879f8f18eba8bb1', 'http://localhost/dentsu.digital/', NULL, 200, 'OK', NULL, '0.25163100 1429269584', '::1', '', '{"user_agent":"Mozilla\\/5.0 (Windows NT 6.1; WOW64; rv:37.0) Gecko\\/20100101 Firefox\\/37.0","platform":"Unknown Windows OS","browser":"Firefox"}', 0, 1, 1429269584, 0),
(237, 'fa321cbe2148ed6af879f8f18eba8bb1', 'http://localhost/dentsu.digital/', NULL, 200, 'OK', NULL, '0.31913100 1429269605', '::1', '', '{"user_agent":"Mozilla\\/5.0 (Windows NT 6.1; WOW64; rv:37.0) Gecko\\/20100101 Firefox\\/37.0","platform":"Unknown Windows OS","browser":"Firefox"}', 0, 1, 1429269605, 0),
(238, 'fa321cbe2148ed6af879f8f18eba8bb1', 'http://localhost/dentsu.digital/', NULL, 200, 'OK', NULL, '0.37363100 1429269606', '::1', '', '{"user_agent":"Mozilla\\/5.0 (Windows NT 6.1; WOW64; rv:37.0) Gecko\\/20100101 Firefox\\/37.0","platform":"Unknown Windows OS","browser":"Firefox"}', 0, 1, 1429269606, 0);
INSERT INTO `tbl_server_logs` (`id`, `session_id`, `url`, `user_id`, `http_code`, `status_code`, `bytes_served`, `total_time`, `ip_address`, `referrer`, `user_agent`, `is_mobile`, `status`, `added`, `modified`) VALUES
(239, 'fa321cbe2148ed6af879f8f18eba8bb1', 'http://localhost/dentsu.digital/', NULL, 200, 'OK', NULL, '0.49163100 1429269621', '::1', '', '{"user_agent":"Mozilla\\/5.0 (Windows NT 6.1; WOW64; rv:37.0) Gecko\\/20100101 Firefox\\/37.0","platform":"Unknown Windows OS","browser":"Firefox"}', 0, 1, 1429269621, 0),
(240, 'fa321cbe2148ed6af879f8f18eba8bb1', 'http://localhost/dentsu.digital/', NULL, 200, 'OK', NULL, '0.22163100 1429269636', '::1', '', '{"user_agent":"Mozilla\\/5.0 (Windows NT 6.1; WOW64; rv:37.0) Gecko\\/20100101 Firefox\\/37.0","platform":"Unknown Windows OS","browser":"Firefox"}', 0, 1, 1429269636, 0),
(241, 'fa321cbe2148ed6af879f8f18eba8bb1', 'http://localhost/dentsu.digital/', NULL, 200, 'OK', NULL, '0.52963100 1429269646', '::1', '', '{"user_agent":"Mozilla\\/5.0 (Windows NT 6.1; WOW64; rv:37.0) Gecko\\/20100101 Firefox\\/37.0","platform":"Unknown Windows OS","browser":"Firefox"}', 0, 1, 1429269646, 0),
(242, 'fa321cbe2148ed6af879f8f18eba8bb1', 'http://localhost/dentsu.digital/', NULL, 200, 'OK', NULL, '0.94463100 1429269702', '::1', '', '{"user_agent":"Mozilla\\/5.0 (Windows NT 6.1; WOW64; rv:37.0) Gecko\\/20100101 Firefox\\/37.0","platform":"Unknown Windows OS","browser":"Firefox"}', 0, 1, 1429269703, 0),
(243, 'fa321cbe2148ed6af879f8f18eba8bb1', 'http://localhost/dentsu.digital/', NULL, 200, 'OK', NULL, '0.58413100 1429269741', '::1', '', '{"user_agent":"Mozilla\\/5.0 (Windows NT 6.1; WOW64; rv:37.0) Gecko\\/20100101 Firefox\\/37.0","platform":"Unknown Windows OS","browser":"Firefox"}', 0, 1, 1429269741, 0),
(244, 'fa321cbe2148ed6af879f8f18eba8bb1', 'http://localhost/dentsu.digital/', NULL, 200, 'OK', NULL, '0.79163100 1429269742', '::1', '', '{"user_agent":"Mozilla\\/5.0 (Windows NT 6.1; WOW64; rv:37.0) Gecko\\/20100101 Firefox\\/37.0","platform":"Unknown Windows OS","browser":"Firefox"}', 0, 1, 1429269742, 0),
(245, '5cbe9d1bf209701e8114f6a2563a451e', 'http://localhost/dentsu.digital/', NULL, 200, 'OK', NULL, '0.06348400 1429499606', '::1', '', '{"user_agent":"Mozilla\\/5.0 (Windows NT 6.1; WOW64) AppleWebKit\\/537.36 (KHTML, like Gecko) Chrome\\/42.0.2311.90 Safari\\/537.36","platform":"Unknown Windows OS","browser":"Chrome"}', 0, 1, 1429499625, 0),
(246, '62312461f1016a2e1834a4b99add4498', 'http://localhost/dentsu.digital/', NULL, 200, 'OK', NULL, '0.94892300 1429500167', '::1', '', '{"user_agent":"Mozilla\\/5.0 (Windows NT 6.1; WOW64; rv:37.0) Gecko\\/20100101 Firefox\\/37.0","platform":"Unknown Windows OS","browser":"Firefox"}', 0, 1, 1429500206, 0),
(247, '97f42a0d0eca2d362891f0a7d16523b2', 'http://localhost/dentsu.digital/', NULL, 200, 'OK', NULL, '0.95829200 1429592294', '::1', '', '{"user_agent":"Mozilla\\/5.0 (Windows NT 6.1; WOW64) AppleWebKit\\/537.36 (KHTML, like Gecko) Chrome\\/42.0.2311.90 Safari\\/537.36","platform":"Unknown Windows OS","browser":"Chrome"}', 0, 1, 1429592321, 0),
(248, '3e9d15fa0926d3f3177479d127a2dcb7', 'http://localhost/dentsu.digital/', NULL, 200, 'OK', NULL, '0.48193300 1429613388', '::1', '', '{"user_agent":"Mozilla\\/5.0 (Windows NT 6.1; WOW64) AppleWebKit\\/537.36 (KHTML, like Gecko) Chrome\\/42.0.2311.90 Safari\\/537.36","platform":"Unknown Windows OS","browser":"Chrome"}', 0, 1, 1429613403, 0),
(249, 'f099a90a3461185e996ce58d76d2a29b', 'http://localhost/dentsu.digital/', NULL, 200, 'OK', NULL, '0.86900400 1429624567', '::1', '', '{"user_agent":"Mozilla\\/5.0 (Windows NT 6.1; WOW64) AppleWebKit\\/537.36 (KHTML, like Gecko) Chrome\\/42.0.2311.90 Safari\\/537.36","platform":"Unknown Windows OS","browser":"Chrome"}', 0, 1, 1429624580, 0),
(250, 'd49c32d077d3039019d28b0e47327922', 'http://localhost/dentsu.digital/', NULL, 200, 'OK', NULL, '0.99084600 1429677653', '::1', '', '{"user_agent":"Mozilla\\/5.0 (Windows NT 6.1; WOW64) AppleWebKit\\/537.36 (KHTML, like Gecko) Chrome\\/42.0.2311.90 Safari\\/537.36","platform":"Unknown Windows OS","browser":"Chrome"}', 0, 1, 1429677666, 0),
(251, '492284f5dba5c922185b5534d21b8572', 'http://localhost/dentsu.digital/home', NULL, 200, 'OK', NULL, '0.61240800 1429854899', '::1', '', '{"user_agent":"Mozilla\\/5.0 (Windows NT 6.1; WOW64; rv:37.0) Gecko\\/20100101 Firefox\\/37.0","platform":"Unknown Windows OS","browser":"Firefox"}', 0, 1, 1429854899, 0),
(252, '492284f5dba5c922185b5534d21b8572', 'http://localhost/dentsu.digital/home', NULL, 200, 'OK', NULL, '0.30940800 1429854906', '::1', '', '{"user_agent":"Mozilla\\/5.0 (Windows NT 6.1; WOW64; rv:37.0) Gecko\\/20100101 Firefox\\/37.0","platform":"Unknown Windows OS","browser":"Firefox"}', 0, 1, 1429854906, 0),
(253, '492284f5dba5c922185b5534d21b8572', 'http://localhost/dentsu.digital/home/sdfgsdfgsdfgsdfg', NULL, 200, 'OK', NULL, '0.18640800 1429854910', '::1', '', '{"user_agent":"Mozilla\\/5.0 (Windows NT 6.1; WOW64; rv:37.0) Gecko\\/20100101 Firefox\\/37.0","platform":"Unknown Windows OS","browser":"Firefox"}', 0, 1, 1429854910, 0);

-- --------------------------------------------------------

--
-- Table structure for table `tbl_settings`
--

CREATE TABLE IF NOT EXISTS `tbl_settings` (
  `id` int(11) unsigned NOT NULL AUTO_INCREMENT,
  `parameter` varchar(255) DEFAULT NULL,
  `alias` varchar(255) DEFAULT NULL,
  `value` varchar(1024) DEFAULT NULL,
  `is_system` tinyint(1) DEFAULT '1',
  `input_type` enum('input','textarea','radio','dropdown','timezones') DEFAULT NULL,
  `input_size` enum('large','medium','small') DEFAULT NULL,
  `show_editor` enum('0','1') DEFAULT NULL,
  `is_numeric` enum('0','1') DEFAULT NULL,
  `help_text` varchar(512) DEFAULT NULL,
  `status` tinyint(1) DEFAULT '1',
  `added` int(11) DEFAULT NULL,
  `modified` int(11) DEFAULT NULL,
  PRIMARY KEY (`id`),
  KEY `name` (`parameter`,`status`)
) ENGINE=MyISAM  DEFAULT CHARSET=utf8 AUTO_INCREMENT=27 ;

--
-- Dumping data for table `tbl_settings`
--

INSERT INTO `tbl_settings` (`id`, `parameter`, `alias`, `value`, `is_system`, `input_type`, `input_size`, `show_editor`, `is_numeric`, `help_text`, `status`, `added`, `modified`) VALUES
(1, 'email_marketing', 'Email Marketing', 'marketing@', 1, 'input', 'small', '0', '0', '', 1, 1334835773, NULL),
(2, 'email_administrator', 'Email Administrator', 'administrator@', 1, 'input', 'small', '0', '0', '', 1, 1334835773, 1336122482),
(3, 'email_hrd', 'Email HRD', 'hrd@', 1, 'input', 'small', '0', '0', '', 1, 1334835773, NULL),
(4, 'email_info', 'Email Info', 'info@d3.dentsu.co.id', 1, 'input', 'small', '0', '0', '', 1, 1334835773, NULL),
(5, 'email_template', 'Email Template', 'Dear {user}, This email is sent to you by automaticly, Please not reply this email, Thank you.<br><br><blockquote><blockquote><blockquote><img src="http://www.codeigniter.com/assets/images/ci-logo-big.png" alt=""><br><br></blockquote></blockquote></blockquote>{company}<br>', 1, 'input', 'large', '1', '0', 'This is email template for your contact', 1, 1334835773, 1429097217),
(6, 'maintenance_template', 'Maintenance Mode Template', '<h2>The site is off for <span><h1>MAINTENANCE</h1></span></h2>', 1, 'input', 'large', '1', '0', '', 1, 1334835773, NULL),
(7, 'contactus_address', 'Contact Address', '22nd Floor, Mandiri Tower Plaza Bapindo <br/>\nJl. Jend. Sudirman Kav. 54-55 <br/>\nJakarta 12190, Indonesia', 1, 'input', 'small', '0', '0', '', 1, 1334835773, NULL),
(8, 'contactus_gmap', 'GMaps Location', 'http://maps.google.com/maps?q=-6.217668,106.812992&num=1&t=m&z=18', 1, 'input', 'large', '0', '0', '', 1, 1334835773, NULL),
(9, 'no_phone', 'Number Phone', '(021) 299-501-10 / (021) 526-0286', 1, 'input', 'small', '0', '0', '', 1, 1334835773, NULL),
(10, 'no_fax', 'Number Fax', '(021) 522.3718', 1, 'input', 'small', '0', '0', '', 1, 1334835773, NULL),
(11, 'title_default', 'Website Title Default', 'Mempersembahkan Rasa yang Digemari dalam Budaya Makan Indonesia', 1, 'input', 'medium', '0', '0', '', 1, NULL, 1432714407),
(12, 'title_name', 'Company Title Name', 'PT. Default (Web Agency in Jakarta)', 1, 'input', 'medium', '0', '0', '', 1, NULL, 1336118568),
(13, 'language', 'Default Site Language', 'en', 1, 'input', 'small', '0', '0', 'Default language set', 1, NULL, 1429598740),
(14, 'counter', 'Site Counter', '123', 1, 'input', 'large', '0', '0', '', 1, NULL, 1336118568),
(15, 'copyright', 'Copyright', '© 2012 COMPANY NAME COPYRIGHT. All Rights Reserved.', 1, 'input', 'large', '0', '0', '', 1, NULL, 1336118568),
(16, 'site_name', 'Site Name', ' Default <br/> PT. Default (Web Agency in Jakarta).', 1, 'input', 'medium', '0', '0', '', 1, NULL, 1336118568),
(17, 'site_quote', 'Quote', 'We provide solution for your Websites', 1, 'input', 'large', '0', '0', '', 1, NULL, 1336118568),
(18, 'site_description', 'Website Description', 'We provide solution for your Company Website ', 1, 'input', 'large', '0', '0', '', 1, NULL, 1336118568),
(19, 'socmed_facebook', 'Facebook', 'http://facebook.com', 1, 'input', 'large', '0', '0', '', 1, NULL, 1336118568),
(20, 'socmed_twitter', 'Twitter', 'http://twitter.com', 1, 'input', 'large', '0', '0', '', 1, NULL, 1336118568),
(21, 'socmed_gplus', 'Google Plus', 'http://plus.google.com', 1, 'input', 'large', '0', '0', '', 1, NULL, 1336118568),
(22, 'socmed_linkedin', 'LinkedIn', 'http://linkedin.com', 1, 'input', 'large', '0', '0', '', 1, NULL, 1424754067),
(23, 'socmed_pinterest', 'Pinterest', 'http://pinterest.com', 1, 'input', 'large', '0', '0', '', 1, NULL, 1336118568),
(24, 'registered_mark', 'Registered', 'We provide solution for your Websites', 1, 'input', 'large', '0', '0', '', 1, NULL, 1336118568),
(25, 'google_analytics', 'Analytics', 'Code Snippet', 1, 'input', 'large', '0', '0', '', 1, NULL, 1336118568),
(26, 'ext_link', 'Ext Link', 'http://www.apb-career.net', 1, 'input', 'large', '0', '0', '', 1, NULL, 1423732944);

-- --------------------------------------------------------

--
-- Table structure for table `tbl_translations`
--

CREATE TABLE IF NOT EXISTS `tbl_translations` (
  `id` int(11) unsigned NOT NULL AUTO_INCREMENT,
  `table` varchar(64) DEFAULT NULL,
  `field_id` int(11) unsigned DEFAULT NULL,
  `lang_id` int(11) NOT NULL,
  `name` varchar(255) DEFAULT NULL,
  `subject` varchar(255) DEFAULT NULL,
  `url` varchar(255) DEFAULT NULL,
  `synopsis` text,
  `text` text,
  `user_id` tinyint(3) DEFAULT NULL,
  `count` int(11) DEFAULT NULL,
  `status` tinyint(1) DEFAULT NULL,
  `added` int(11) DEFAULT NULL,
  `modified` int(11) DEFAULT NULL,
  PRIMARY KEY (`id`),
  KEY `category_id` (`field_id`,`name`)
) ENGINE=MyISAM  DEFAULT CHARSET=utf8 AUTO_INCREMENT=26 ;

--
-- Dumping data for table `tbl_translations`
--

INSERT INTO `tbl_translations` (`id`, `table`, `field_id`, `lang_id`, `name`, `subject`, `url`, `synopsis`, `text`, `user_id`, `count`, `status`, `added`, `modified`) VALUES
(1, 'tbl_pages', 1, 1, NULL, 'Kewpie sekarang hadir di indonesia', 'kewpie-sekarang-hadir-di-indonesia', '<p>\n	Kewpie sekarang hadir di indonesia</p>\n', '<p>\n	Kewpie sekarang hadir di indonesia. Lorem Ipsum is simply dummy text of the printing and typesetting industry. Lorem Ipsum has been the industry''s standard dummy text ever since the 1500s, when an unknown printer took a galley of type and scrambled it to make a type specimen book. It has survived not only five centuries, but also the leap into electronic typesetting, remaining essentially unchanged. It was popularised in the 1960s with the release of Letraset sheets containing Lorem Ipsum passages, and more recently with desktop publishing software like Aldus PageMaker including versions of Lorem Ipsum.</p>\n', 1, NULL, 0, 1432742665, 1432744175),
(2, 'tbl_pages', 8, 1, NULL, 'Mayonais', 'mayonais', '<p>\n	Mayonais</p>\n', '<p>\n	Mayonais</p>\n', 1, NULL, 0, 1432742735, 1432742819),
(5, 'tbl_page_menus', 2, 1, NULL, 'Produk Kami', 'produk-kami', NULL, '<p>\n	Produk PT. Kewpie INDONESIA mendapatkan sertifikasi Halal dan NKV, dan mulai penjualan produk Food Service.</p>\n', 1, NULL, 1, 1432743088, 1432751501),
(6, 'tbl_page_menus', 3, 1, NULL, 'Di dalam KEWPIE', 'di-dalam-kewpie', NULL, '<h2>\n	KEWPIE Indonesia</h2>\n<p>\n	<br />\n	PT. KEWPIE INDONESIA berdiri pada tahun 2013 dan memulai penjualan pertama khusus Food Service pada bulan Oktober 2014 . Dengan sertifikat halal dan NKV, Kewpie Indonesia menyediakan produk makanan halal, aman serta berkualitas untuk masyarakat Indonesia.<br />\n	&nbsp;</p>\n<h2>\n	Sejarah Perusahaan</h2>\n<p>\n	<br />\n	<strong>1919</strong><br />\n	<br />\n	Shokuhin Kogyo Co., Ltd, perusahaan awal yang sekarang disebut KEWPIE Corporation berdiri di Otaki-cho, Nakano-ku, Tokyo dan mulai memproduksi serta mengolah berbagai macam produk makanan.<br />\n	<br />\n	<strong>1925</strong><br />\n	<br />\n	Penjualan KEWPIE Mayonnaise dimulai. Mayonais Kewpie dijual dalam kemasan toples kaca dengan berat 100 gram dan 128 gram, serta merupakan mayonaiss dalam kemasan toples pertama di Jepang.<br />\n	<br />\n	<strong>1957</strong><br />\n	<br />\n	Perusahaan berganti nama menjadi KEWPIE Corporation, sesuai dengan nama merek mayonais yang sudah terkenal.<br />\n	<br />\n	<strong>2013</strong><br />\n	<br />\n	PT. KEWPIE INDONESIA berdiri.<br />\n	<br />\n	<strong>2014</strong><br />\n	<br />\n	Produk-produk PT. KEWPIE INDONESIA mendapatkan sertifikasi Halal dan NKV, serta memulai penjualan untuk produk Food Service.<br />\n	<br />\n	<strong>2015</strong><br />\n	<br />\n	Penjualan produk retail PT. KEWPIE INDONESIA dimulai.<br />\n	&nbsp;</p>\n<h2>\n	Sertifikasi Halal dan NKV</h2>\n<p>\n	Seluruh produk Kewpie Indonesia bersertifikat halal resmi yang dikeluarkan oleh LPPOM MUI. Produk-produk yang berbahan dasar telur telah memiliki NKV resmi.</p>\n<p>\n	&nbsp;</p>\n<p>\n	&nbsp;</p>\n<p>\n	&nbsp;</p>\n<p>\n	&nbsp;</p>\n<p>\n	&nbsp;</p>\n<p>\n	&nbsp;</p>\n', 1, NULL, 1, 1432743463, 1432754614),
(7, 'tbl_page_menus', 4, 1, NULL, 'Resep', 'resep', NULL, '<p>\n	Resep</p>\n', 1, NULL, 1, 1432743483, 1432756684),
(8, 'tbl_page_menus', 5, 1, NULL, 'Siapa Kami', 'siapa-kami', NULL, '<p>\n	Siapa Kami</p>\n', 1, NULL, 1, 1432743493, 1432756691),
(9, 'tbl_page_menus', 6, 1, NULL, 'Berita Terbaru', 'berita-terbaru', NULL, '<p>\n	Berita Terbaru</p>\n', 1, NULL, 1, 1432743507, 1432756696),
(10, 'tbl_page_menus', 1, 1, NULL, 'Beranda', 'beranda', NULL, '<p>\n	Beranda</p>\n', 1, NULL, 1, 1432743518, 1432756702),
(14, 'tbl_products', 2, 1, NULL, 'Tipe yg lembut', 'tipe-yg-lembut', '<p>\n	Tipe yg lembut</p>\n', '<p>\n	Tipe yg lembut</p>\n', 1, NULL, 0, 1432744963, 1432744964),
(13, 'tbl_products', 1, 1, NULL, 'Ala Orang Jepang', 'ala-orang-jepang', '<p>\n	Ala Orang Jepang</p>\n', '<p>\n	Ala Orang Jepang</p>\n', 1, NULL, 0, 1432744925, 1432744942),
(15, 'tbl_products', 14, 1, NULL, 'Mayonais', 'mayonais', '<p>\n	Mayonais</p>\n', '<p>\n	Mayonais</p>\n', 1, NULL, 0, 1432744987, 1432744987),
(16, 'tbl_products', 15, 1, NULL, 'Saus Tiram', 'saus-tiram', '<p>\n	Saus Tiram</p>\n', '<p>\n	Saus Tiram</p>\n', 1, NULL, 0, 1432745001, 1432745001),
(17, 'tbl_products', 16, 1, NULL, 'Sandwich Tebar', 'sandwich-tebar', '<p>\n	Sandwich Tebar</p>\n', '<p>\n	Sandwich Tebar</p>\n', 1, NULL, 0, 1432745011, 1432745043),
(18, 'tbl_products', 17, 1, NULL, 'Saus Manis', 'saus-manis', '<p>\n	Saus Manis</p>\n', '<p>\n	Saus Manis</p>\n', 1, NULL, 0, 1432745070, 1432745070),
(19, 'tbl_product_categories', 1, 1, NULL, 'Mayonais', '', NULL, '<p>\n	Mayonais</p>\n', 1, NULL, 1, 1432745302, 1432745416),
(20, 'tbl_product_categories', 2, 1, NULL, 'Atasan', '', NULL, '<p>\n	Atasan</p>\n', 1, NULL, 1, 1432745429, 1432745429),
(21, 'tbl_product_categories', 3, 1, NULL, 'Sebaran', '', NULL, '<p>\n	Sebaran</p>\n', 1, NULL, 1, 1432745442, 1432745442),
(22, 'tbl_product_categories', 4, 1, NULL, 'Layanan Makanan', 'layanan-makanan', NULL, '<p>\n	Lorem ipsum dolor sit amet, consectetur adipiscing elit. Aenean at faucibus enim. Sed vel tempor elit, nec eleifend justo. Nullam varius a tortor quis imperdiet. Vivamus ac faucibus nulla. Vestibulum gravida ultricies magna,</p>\n', 1, NULL, 1, 1432745449, 1432789914),
(23, 'tbl_pages', 12, 1, NULL, 'KEWPIE Mayonnaise Origins', 'kewpie-mayonnaise-origins', '<p>\n	Berlawanan dengan kepercayaan populer, Lorem Ipsum bukan hanya teks acak. Ini memiliki akar dalam naskah sastra latin klasik dari 45 SM, sehingga lebih tua dari 2000 tahun. Richard McClintock, seorang profesor Latin di Hampden-Sydney College di Virginia, mendongak salah satu kata latin yang lebih jelas, yakni consectetur, dari bagian Lorem Ipsum, dan akan melalui mengutip dari kata dalam literatur klasik, sumber yang tidak bisa diragukan.</p>\n', '<p>\n	Berlawanan dengan kepercayaan populer, Lorem Ipsum bukan hanya teks acak. Ini memiliki akar dalam naskah sastra latin klasik dari 45 SM, sehingga lebih tua dari 2000 tahun. Richard McClintock, seorang profesor Latin di Hampden-Sydney College di Virginia, mendongak salah satu kata latin yang lebih jelas, yakni consectetur, dari bagian Lorem Ipsum, dan akan melalui mengutip dari kata dalam literatur klasik, sumber yang tidak bisa diragukan. Lorem Ipsum berasal dari bagian 1.10.32 dan 1.10.33 dari &quot;de Finibus Bonorum et Malorum&quot; (Sisi Ekstrim dari Kebaikan dan Kejahatan) oleh Cicero, yang ditulis pada 45 SM. Buku ini adalah sebuah risalah pada teori etika, sangat populer selama Renaissance. Baris pertama dari Lorem Ipsum, &quot;Lorem ipsum dolor sit amet ..&quot;, berasal dari garis pada bagian 1.10.32.<br />\n	<br />\n	Bagian standar dari Lorem Ipsum yang digunakan sejak tahun 1500-an direproduksi di bawah ini untuk mereka yang tertarik. Bagian 1.10.32 dan 1.10.33 dari &quot;de Finibus Bonorum et Malorum&quot; oleh Cicero juga direproduksi dalam bentuk aslinya yang tepat mereka, disertai dengan versi bahasa Inggris dari 1914 terjemahan oleh H. Rackham.</p>\n', 1, NULL, 0, 1432767369, 1432787251),
(24, 'tbl_pages', 13, 1, NULL, 'Ada apa di Mayonais Kami', 'ada-apa-di-mayonais-kami', '<p>\n	Ada apa di Mayonais Kami</p>\n', '<p>\n	Ada apa di Mayoais Kami</p>\n', 1, NULL, 0, 1432768802, 1432787422),
(25, 'tbl_pages', 14, 1, NULL, 'Pembungkus & Penyimpanan', 'pembungkus-penyimpanan', '<p>\n	Pembungkus &amp; Penyimpanan</p>\n', '<p>\n	Pembungkus &amp; Penyimpanan</p>\n', 1, NULL, 0, 1432789092, 1432789097);

-- --------------------------------------------------------

--
-- Table structure for table `tbl_users`
--

CREATE TABLE IF NOT EXISTS `tbl_users` (
  `id` int(6) NOT NULL AUTO_INCREMENT,
  `username` char(64) CHARACTER SET latin1 NOT NULL,
  `email` varchar(64) CHARACTER SET latin1 NOT NULL,
  `password` char(124) CHARACTER SET latin1 NOT NULL,
  `group_id` tinyint(1) unsigned NOT NULL,
  `last_login` int(11) NOT NULL,
  `logged_in` int(1) NOT NULL,
  `status` tinyint(1) NOT NULL DEFAULT '1',
  `session_id` varchar(160) NOT NULL,
  `added` int(11) NOT NULL,
  `modified` int(11) NOT NULL,
  PRIMARY KEY (`id`)
) ENGINE=MyISAM  DEFAULT CHARSET=utf8 AUTO_INCREMENT=46 ;

--
-- Dumping data for table `tbl_users`
--

INSERT INTO `tbl_users` (`id`, `username`, `email`, `password`, `group_id`, `last_login`, `logged_in`, `status`, `session_id`, `added`, `modified`) VALUES
(1, 'admin', 'admin@admin.com', 'dd94709528bb1c83d08f3088d4043f4742891f4f', 1, 1432736015, 1, 1, 'c600a195286e334fab00e6e3253c9dd4', 0, 0),
(2, 'joni', 'admin1@admin.com', '9003d1df22eb4d3820015070385194c8', 2, 1417003004, 0, 0, '', 0, 1429262613),
(3, 'qc9080', 'asdf@asdf.com', 'fb00378895cf135de3b135f385c0012f3823e4fb', 116, 1417001008, 0, 1, '', 1425031512, 1424689343),
(29, 'dyarfi', 'dyarfi20@gmail.com', '647dc5d75f6ce3c6a859eb3b91fa6ccaab05b245', 116, 0, 0, 1, '', 1417065898, 0),
(7, 'gmp1234', 'defrian.yarfi@gmail.com', '4d60cf3ac1381a533090412a84466000437eee1f', 116, 1417003001, 0, 1, '', 1425031542, 0),
(42, 'dyarfi20@gmail.com', 'dyarfi20@gmail.com', '8f956a5c8346e1909dce9a2aea8839d6f05e8ce1', 100, 0, 0, 1, '', 1425270772, 0),
(43, 'defrian.yarfi@gmail.com', 'defrian.yarfi@gmail.com', 'a49c1b8e9e2b8d49e78194b07fcaa045204647d3', 100, 0, 0, 1, '', 1425270783, 0),
(45, 'defrian.yarfi@gmail.com', 'defrian.yarfi@gmail.com', 'a49c1b8e9e2b8d49e78194b07fcaa045204647d3', 100, 0, 0, 1, '', 1425271011, 0),
(44, 'dyarfi20@gmail.com', 'dyarfi20@gmail.com', '8f956a5c8346e1909dce9a2aea8839d6f05e8ce1', 100, 0, 0, 1, '', 1425271008, 0);

-- --------------------------------------------------------

--
-- Table structure for table `tbl_user_groups`
--

CREATE TABLE IF NOT EXISTS `tbl_user_groups` (
  `id` int(11) unsigned NOT NULL AUTO_INCREMENT,
  `name` varchar(32) NOT NULL,
  `backend_access` tinyint(1) DEFAULT NULL,
  `full_backend_access` tinyint(1) DEFAULT NULL,
  `status` tinyint(1) NOT NULL DEFAULT '1',
  `is_system` tinyint(1) NOT NULL DEFAULT '0',
  `added` int(11) unsigned NOT NULL,
  `modified` int(11) unsigned NOT NULL,
  PRIMARY KEY (`id`),
  KEY `parent_id` (`status`)
) ENGINE=MyISAM  DEFAULT CHARSET=utf8 AUTO_INCREMENT=117 ;

--
-- Dumping data for table `tbl_user_groups`
--

INSERT INTO `tbl_user_groups` (`id`, `name`, `backend_access`, `full_backend_access`, `status`, `is_system`, `added`, `modified`) VALUES
(1, 'Super Administrator', 1, 1, 1, 1, 1416499923, 0),
(2, 'Administrator', 1, 1, 1, 1, 1416499923, 0),
(99, 'User', 0, 0, 1, 1, 1416499923, 0),
(111, 'Manager', 1, 1, 0, 0, 0, 1425371383),
(112, 'Executive', 0, 0, 1, 0, 0, 0),
(113, 'Director', 0, 0, 1, 0, 0, 0),
(114, 'General', 0, 0, 1, 0, 0, 1424689329),
(116, 'Publisher', 1, 1, 1, 0, 0, 0),
(100, 'Employee', 1, NULL, 1, 0, 0, 0);

-- --------------------------------------------------------

--
-- Table structure for table `tbl_user_histories`
--

CREATE TABLE IF NOT EXISTS `tbl_user_histories` (
  `id` int(11) unsigned NOT NULL AUTO_INCREMENT,
  `module` varchar(24) NOT NULL,
  `user_id` int(11) unsigned NOT NULL,
  `controller` varchar(160) NOT NULL,
  `action` char(20) DEFAULT NULL,
  `time` int(11) unsigned NOT NULL,
  PRIMARY KEY (`id`),
  KEY `id` (`id`,`module`,`user_id`)
) ENGINE=MyISAM  DEFAULT CHARSET=utf8 AUTO_INCREMENT=3 ;

--
-- Dumping data for table `tbl_user_histories`
--

INSERT INTO `tbl_user_histories` (`id`, `module`, `user_id`, `controller`, `action`, `time`) VALUES
(1, 'user', 1, 'history', 'index', 1416281220),
(2, 'user', 1, 'history', 'index', 1416281220);

-- --------------------------------------------------------

--
-- Table structure for table `tbl_user_profiles`
--

CREATE TABLE IF NOT EXISTS `tbl_user_profiles` (
  `user_id` int(11) unsigned NOT NULL,
  `gender` tinyint(1) NOT NULL DEFAULT '1',
  `about` text,
  `first_name` varchar(64) DEFAULT NULL,
  `last_name` varchar(64) DEFAULT NULL,
  `division` varchar(64) DEFAULT NULL,
  `country` varchar(64) DEFAULT NULL,
  `state` varchar(64) DEFAULT NULL,
  `city` varchar(128) DEFAULT NULL,
  `address` text,
  `postal_code` varchar(8) DEFAULT NULL,
  `birthday` date DEFAULT NULL,
  `phone` varchar(16) DEFAULT NULL,
  `mobile_phone` varchar(16) DEFAULT NULL,
  `fax` varchar(16) DEFAULT NULL,
  `website` varchar(255) DEFAULT NULL,
  `file_type` varchar(64) DEFAULT NULL,
  `file_name` varchar(48) DEFAULT NULL,
  `status` tinyint(1) NOT NULL DEFAULT '1',
  `added` int(11) unsigned NOT NULL,
  `modified` int(11) unsigned NOT NULL,
  KEY `user_id` (`user_id`,`phone`)
) ENGINE=MyISAM DEFAULT CHARSET=utf8;

--
-- Dumping data for table `tbl_user_profiles`
--

INSERT INTO `tbl_user_profiles` (`user_id`, `gender`, `about`, `first_name`, `last_name`, `division`, `country`, `state`, `city`, `address`, `postal_code`, `birthday`, `phone`, `mobile_phone`, `fax`, `website`, `file_type`, `file_name`, `status`, `added`, `modified`) VALUES
(1, 1, 'Top Administrator of this website and portal', 'Administrator', 'Website', 'Web Programmer', 'DKI Jakarta', 'Jakarta', 'Jl. Gading Putih 1 F2 No. 4', '14240', '', '2010-09-06', '1234', '081807244697', '0', 'http://google.com', 'image/jpeg', 'Muhammed-Ali-Career-In-Pictures.jpg', 1, 1283760138, 1428304456),
(2, 1, 'Administrator of this Website', '', '', 'Web Designer', 'DKI Jakarta', 'Jakarta', 'Jl. Gading Putih 1 F2 No. 4', '14240', '', '2010-09-06', '1234', '081807244697', '0', '', 'image/jpeg', '78d57b4b5a0c6048b75bb0c9d91a8392.jpg', 0, 1283760138, 1429262613),
(3, 1, 'User of this Website', 'Administrator', 'Viewers', 'Jakarta', '', '', 'Jl. Pulomas Barat 1 No. 31', '', '', '2012-02-12', '1234', NULL, NULL, NULL, 'image/jpeg', 'a8a484572c007e1e17648ae2c7ad629c.jpg', 1, 1425031512, 1424689343),
(28, 1, 'Test', 'Public', 'Viewers', 'Web Programmer', NULL, NULL, NULL, NULL, NULL, '0000-00-00', '909090090', '909090090', NULL, NULL, NULL, NULL, 1, 1424854403, 1424689343),
(29, 1, 'Web Programmer not a full stack', 'Defrian', 'Yarfi', 'Web Programmer', NULL, NULL, NULL, NULL, NULL, '0000-00-00', '081807244697', '081807244697', NULL, NULL, NULL, NULL, 1, 1417065898, 0),
(44, 1, NULL, 'Dyarfi 20 Defrian Yarfi', NULL, NULL, NULL, NULL, NULL, NULL, NULL, NULL, '647474747', NULL, NULL, NULL, NULL, '20131013_142521a.jpg', 1, 1425271008, 0),
(45, 1, NULL, 'Defrian Yarfi', NULL, NULL, NULL, NULL, NULL, NULL, NULL, NULL, '647474747', NULL, NULL, NULL, NULL, '3b394-1513781_10205610488526266_3600135193534162', 1, 1425271011, 0);

/*!40101 SET CHARACTER_SET_CLIENT=@OLD_CHARACTER_SET_CLIENT */;
/*!40101 SET CHARACTER_SET_RESULTS=@OLD_CHARACTER_SET_RESULTS */;
/*!40101 SET COLLATION_CONNECTION=@OLD_COLLATION_CONNECTION */;
